Date,Race,Winner,Class
08.01,National Championships Australia MJ - ITT,GOOLD Max,NC
08.01,National Championships Australia MU - ITT,MARRIAGE Zac,NC
08.01,National Championships Australia WJ - ITT,SANDERS Amelie,NC
09.01,National Championships Australia ME - ITT,PLAPP Luke,NC
09.01,National Championships Australia WE - ITT,CHAPMAN Brodie,NC
09.01,National Championships Australia WU - ITT,ANDERSON Alli,NC
11.01,National Championships Australia MJ - Road Race,HEWES Alex,NC
11.01,National Championships Australia MU - Road Race,BAUDRY Julian,NC
11.01,National Championships Australia WJ - Road Race,DUBIER Anna,NC
12.01,National Championships Australia ME - Road Race,DURBRIDGE Luke,NC
12.01,National Championships Australia WE - Road Race,STEWART Lucinda,NC
12.01,National Championships Lesotho ME - Road Race,MAKATILE Kabelo,NC
12.01,National Championships Lesotho MJ - Road Race,MAKATILE Mahooana,NC
12.01,National Championships Lesotho WE - Road Race,,NC
12.01,National Championships Lesotho WJ - Road Race,MAKATILE Pontso,NC
12.01 - 19.01,Vuelta al Táchira en Bicicleta,BECERRA Eduin,2.2
17.01 - 19.01,Santos Tour Down Under,RÜEGG Noemi,2.WWT
17.01,National Championships Thailand ME - ITT,CHAWCHIANGKWANG Peerapol,NC
17.01,National Championships Thailand MJ - ITT,SAKUNTAE Thanapat,NC
17.01,National Championships Thailand MU - ITT,MUANGDET Tinnapat,NC
17.01,National Championships Thailand WE - ITT,SOMRAT Phetdarin,NC
17.01,National Championships Thailand WJ - ITT,CHANTORN Suphannika,NC
17.01,National Championships Thailand WU - ITT,SEATUN Pittayapron,NC
19.01,National Championships Lesotho ME - ITT,MAKATILE Kabelo,NC
19.01,National Championships Lesotho WE - ITT,LERATA Tsepiso,NC
19.01,National Championships Thailand ME  - Road Race,SIRIRONNACHAI Sarawut,NC
19.01,National Championships Thailand MJ - Road Race,SAKUNTAE Thanapat,NC
19.01,National Championships Thailand MU - Road Race,SAENTA Tanawat,NC
19.01,National Championships Thailand WE - Road Race,SOMRAT Phetdarin,NC
19.01,National Championships Thailand WJ - Road Race,CHALOEMKIJ Pummarat,NC
19.01,Women Cycling Pro Costa De Almería,,1.1
19.01,National Championships Lesotho MJ - ITT,MAKATILE Mahooana,NC
19.01,National Championships Lesotho WJ - ITT,MAKATILE Pontso,NC
21.01 - 26.01,Santos Tour Down Under,NARVÁEZ Jhonatan,2.UWT
22.01 - 26.01,Tour du Sahel,VERHOEFF Stefan,2.2
24.01,Classica Camp de Morvedre,BERRADE Urko,1.2
24.01 - 28.01,Tour of Sharjah,KENCH Josh,2.2
25.01,Gran Premio Castellón - Ruta de la Cerámica,MORGADO António,1.1
25.01,Trofeo Marratxi-Felanitx,HENTTALA Lotta,1.1
26.01,Schwalbe Women's One Day Classic,COPPONI Clara,1.Pro
26.01,Clàssica Comunitat Valenciana 1969 - Gran Premi València,HIRSCHI Marc,1.1
26.01,Trofeo Palma Femina,REUSSER Marlen,1.1
27.01,Trofeo Binissalem-Andratx,DE JONG Thalita,1.1
28.01 - 01.02,AlUla Tour,PIDCOCK Thomas,2.1
29.01,Surf Coast Classic - Women,WOLLASTON Ally,1.1
29.01,Trofeo Calvià,CHRISTEN Jan,1.1
30.01,Surf Coast Classic - Men,ANDRESEN Tobias Lund,1.1
30.01,Trofeo Ses Salines,VAN DEN BERG Marijn,1.1
31.01,National Championships Ecuador ME - ITT,CEPEDA Jefferson Alveiro,NC
31.01,National Championships Ecuador MJ - ITT,HERRERA GARCIA Gabriel Emiro,NC
31.01,National Championships Ecuador MU - ITT,NAVAS Kevin,NC
31.01,National Championships Ecuador WE - ITT,NUÑEZ Miryam Maritza,NC
31.01,National Championships Ecuador WJ - ITT,TORRES Damaris,NC
31.01,National Championships Ecuador WU - ITT,VASQUEZ Natalia,NC
31.01,Trofeo Serra Tramuntana,STORK Florian,1.1
01.02,Cadel Evans Great Ocean Road Race - Women,WOLLASTON Ally,1.WWT
01.02,National Championships Ecuador MJ - Road Race,HERRERA GARCIA Gabriel Emiro,NC
01.02,National Championships Ecuador WJ - Road Race,FUERTES Alison Adriana,NC
01.02,Trofeo Andratx - Pollença,,1.1
01.02,Grand Prix Antalya,HAMDAN Wan Abdul Rahman,1.2
02.02,Cadel Evans Great Ocean Road Race - Men,SCHMID Mauro,1.UWT
02.02,Grand Prix Cycliste de Marseille La Marseillaise,FERRON Valentin,1.1
02.02,National Championships Ecuador ME - Road Race,NARVÁEZ Jhonatan,NC
02.02,National Championships Ecuador WE - Road Race,VASQUEZ Natalia,NC
02.02,Trofeo Palma,LEITÃO Iúri,1.1
04.02 - 09.02,Tour Colombia,,2.1
05.02 - 09.02,Volta a la Comunitat Valenciana,BUITRAGO Santiago,2.Pro
05.02 - 09.02,Etoile de Bessèges - Tour du Gard,VAUQUELIN Kévin,2.1
05.02 - 09.02,Herald Sun Tour,,2.1
06.02 - 09.02,UAE Tour Women,LONGO BORGHINI Elisa,2.WWT
06.02,National Championships Colombia ME - ITT,BERNAL Egan,NC
06.02,National Championships Colombia MU - ITT,FLÓREZ Samuel,NC
06.02,National Championships Colombia WE - ITT,PEÑUELA Diana,NC
06.02,National Championships New Zealand ME - ITT,FISHER-BLACK Finn,NC
06.02,National Championships New Zealand MJ - ITT,SHANNON Harry,NC
06.02,National Championships New Zealand MU - ITT,PRINGLE Nate,NC
06.02,National Championships New Zealand WE - ITT,CADZOW Kim,NC
06.02,National Championships New Zealand WJ - ITT,MCKENZIE Neve,NC
06.02,National Championships New Zealand WU - ITT,WATTS Kirsty,NC
06.02,National Championships South Africa WE - ITT,YOUNG Lucy,NC
06.02,National Championships South Africa WJ - ITT,BOUWER Carli,NC
06.02,National Championships South Africa WU - ITT,KLOPPER Sonica,NC
06.02,National Championships Colombia WU - ITT,GARZÓN Natalia,NC
07.02,Asian Continental Championships - Mixed Relay TTT,,CC
07.02,Asian Continental Championships JR - Mixed Relay TTT,,CC
07.02,Muscat Classic,PLUIMERS Rick,1.1
07.02,National Championships Colombia WE - Road Race,LONDOÑO Juliana,NC
07.02,National Championships Namibia ME - ITT,MILLER Alex,NC
07.02,National Championships Namibia MJ - ITT,SURÉN Roger,NC
07.02,National Championships Namibia MU - ITT,BEULKER Justus,NC
07.02,National Championships Namibia WE - ITT,KRUGEL Anri,NC
07.02,National Championships Namibia WJ - ITT,JANSE VAN VUUREN Delsia,NC
07.02,National Championships Namibia WU - ITT,DU PLESSIS Monique,NC
07.02,National Championships New Zealand MJ - Road Race,ARCHER Ben,NC
07.02,National Championships New Zealand WE - Road Race,CADZOW Kim,NC
07.02,National Championships New Zealand WJ - Road Race,MCKENZIE Neve,NC
07.02,National Championships South Africa ME - ITT,HATHERLY Alan,NC
07.02,National Championships South Africa MJ - ITT,JOHNSON Joshua,NC
07.02,National Championships South Africa MU - ITT,CRAUSE Pedri,NC
07.02,National Championships Uruguay ME - ITT,FAGÚNDEZ Eric Antonio,NC
07.02,National Championships Uruguay MJ - ITT,BAUZIL Nicolas,NC
07.02,National Championships Uruguay MU - ITT,BONILLA Pablo Sandino,NC
07.02,National Championships Uruguay WE - ITT,POSSE Anabel,NC
07.02,National Championships Uruguay WJ - ITT,MORALES Xiomara Belen,NC
07.02,National Championships Uruguay WU - ITT,REVETRIA Florencia Carmela,NC
08.02,Asian Continental Championships WJ - ITT,ISMAILOVA Samira,CC
08.02 - 12.02,Tour of Oman,YATES Adam,2.Pro
08.02,National Championships Colombia MU - Road Race,FLÓREZ Samuel,NC
08.02,National Championships New Zealand ME - Road Race,WRIGHT Paul,NC
08.02,National Championships South Africa WE - Road Race,GROVE S'annara,NC
08.02,National Championships South Africa WJ - Road Race,MACKRIDGE Errin,NC
08.02,National Championships Uruguay WE - Road Race,PRIETO Malvina Maria,NC
08.02,National Championships Uruguay WJ - Road Race,MORALES Xiomara Belen,NC
08.02,Grand Prix Aspendos,LEDESMA Gerard,1.2
08.02,Grand Prix Sakiat Sidi Youcef,MAEKELE Milkias,1.2
09.02,Asian Continental Championships MU - ITT,ALMUTAIWEI Mohammad,CC
09.02,Vuelta CV Feminas,ZANETTI Linda,1.Pro
09.02,National Championships Colombia ME - Road Race,BERNAL Egan,NC
09.02,National Championships Namibia ME - Road Race,MILLER Alex,NC
09.02,National Championships Namibia MJ - Road Race,LOWE Sean,NC
09.02,National Championships Namibia WE - Road Race,KRUGEL Anri,NC
09.02,National Championships Namibia WJ - Road Race,THIEL Rosemarie,NC
09.02,National Championships South Africa ME - Road Race,MATTHEWS Daniyal,NC
09.02,National Championships South Africa MJ - Road Race,HORTER Matthew,NC
09.02,National Championships Uruguay ME - Road Race,SILVA Guillermo Thomas,NC
09.02,National Championships Uruguay MJ - Road Race,SALVAGNO Ivan,NC
09.02,National Championships Uruguay MU - Road Race,PÉREZ Ciro,NC
09.02 - 18.02,Tour d'Algérie,AMARI Hamza,2.2
10.02,Asian Continental Championships MJ - ITT,MIRBAGHERI FIROOZABADI Nabi Seyyed Mohammad,CC
10.02,Asian Continental Championships WE - ITT,KUSKOVA Yanina,CC
10.02,Asian Continental Championships WU - ITT,ZHAO Qing,CC
11.02,Asian Continental Championships ME - ITT,FEDOROV Yevgeniy,CC
12.02 - 16.02,Vuelta Ciclista Internacional Bio Bio,,2.2
13.02,Asian Continental Championships MJ - Road Race,YIP Hon Man,CC
13.02 - 16.02,Setmana Ciclista Volta Femenina de la Comunitat Valenciana,VOLLERING Demi,2.Pro
14.02,Asian Continental Championships MU - Road Race,KAMADA Koki,CC
14.02,Asian Continental Championships WJ - Road Race,BURENKOVA Angelina,CC
14.02 - 16.02,Tour de la Provence,PEDERSEN Mads,2.1
15.02,Asian Continental Championships WE - Road Race,MANEEPHAN Jutatip,CC
15.02,Vuelta a la Región de Murcia ''Costa Cálida'',CHRISTEN Fabio,1.1
16.02,Asian Continental Championships ME - Road Race,LYU Xianjing,CC
16.02,Clasica de Almeria ME,FRETIN Milan,1.Pro
16.02,Figueira Champions Classic,MORGADO António,1.Pro
16.02,Clásica de Jaén Nation's Cup Women,BOOTHMAN Erin,1.Ncup
17.02 - 23.02,UAE Tour,POGAČAR Tadej,2.UWT
17.02,Clásica Jaén,KWIATKOWSKI Michał,1.1
19.02 - 23.02,Volta ao Algarve em Bicicleta,VINGEGAARD Jonas,2.Pro
19.02 - 23.02,Vuelta a Andalucia Ruta Ciclista Del Sol,SIVAKOV Pavel,2.Pro
20.02,National Championships Pakistan MJ - Road Race,KHAN Muhammad,NC
20.02,National Championships Pakistan WE - Road Race,GARIB Rabia,NC
20.02,Grand Prix Sonatrach,LAGAB Azzedine,1.2
20.02,National Championships Pakistan WJ - Road Race,PATRAS Carol,NC
21.02,Classic Var,SCARONI Christian,1.1
21.02,National Championships Pakistan ME - Road Race,JAWAID Ali,NC
21.02,National Championships Pakistan WE - ITT,GARIB Rabia,NC
21.02,National Championships Pakistan WJ - ITT,DURRANI Suhaira,NC
22.02,National Championships Pakistan ME - ITT,JAWAID Ali,NC
22.02,National Championships Pakistan MU - ITT,ULLAH Sana,NC
22.02 - 23.02,Tour des Alpes-Maritimes,SCARONI Christian,2.1
22.02,Grand Prix de la Ville d'Alger,HAMZA Yacine,1.2
22.02,National Championships Pakistan MJ - ITT,KHAN Talha,NC
23.02,Clasica de Almeria WE,WOLLASTON Ally,1.1
23.02 - 02.03,Tour du Rwanda,DOUBEY Fabien,2.1
25.02,National Championships Philippines ME - ITT,LIM Nash,NC
25.02,National Championships Philippines MJ - ITT,VILLASEÑOR Darius,NC
25.02,National Championships Philippines MU - ITT,LAZATIN JR Anselmo,NC
25.02,National Championships Philippines WE - ITT,PRADO Jermyn,NC
25.02,National Championships Philippines WJ - ITT,FRANCISCO Mary Gwennielle,NC
25.02,National Championships Philippines WU - ITT,BONILLA Kim Syrel,NC
26.02,National Championships Philippines MJ - Road Race,ARMENDEZ Mark Arvin,NC
26.02,National Championships Philippines WJ - Road Race,VINOYA Jazmine Kaye,NC
26.02 - 02.03,O Gran Camiño -  The Historical Route,GEE-WEST Derek,2.1
27.02,National Championships Philippines MU - Road Race,CAMINGAO Rush,NC
27.02,National Championships Philippines WE - Road Race,PRADO Jermyn,NC
28.02,National Championships Philippines ME - Road Race,FELIPE Marcelo,NC
01.03,Omloop Nieuwsblad ME,WÆRENSKJOLD Søren,1.UWT
01.03,Omloop Nieuwsblad WE,CLAES Lotte,1.WWT
01.03,Faun-Ardèche Classic,GRÉGOIRE Romain,1.Pro
01.03,Gran Premio San Vicente - Costa Blanca - Junior C.R.I.,URKAREGI Eñaut,1.1
01.03 - 02.03,Visit South Aegean Islands,HANSEN Alexander Arnt,2.2
02.03,Faun Drome Classic,AYUSO Juan,1.Pro
02.03,Kuurne - Brussel - Kuurne,PHILIPSEN Jasper,1.Pro
02.03,Fenix Omloop van het Hageland,GERRITSE Femke,1.1
02.03,Gran Premio San Vicente - Costa Blanca - Junior Ruta,CLAISSE Édouard,1.1
02.03,Kuurne - Brussel - Kuurne Juniors,VERBEECK Tuur,1.1
04.03,Ename Samyn Classic,VAN DER POEL Mathieu,1.1
04.03,Le Samyn des Dames,WIEBES Lorena,1.1
05.03,Trofeo Laigueglia,AYUSO Juan,1.Pro
05.03,UMAG Classic,SCHWARZBACHER Matthias,1.2
05.03,UMAG Classic Ladies,CRESTANELLO Lara,1.2
06.03 - 08.03,Vuelta a Extremadura Femenina,VAN DIJK Ellen,2.1
07.03 - 11.03,BIWASE Tour of Vietnam,FROLOVA Natalia,2.2
08.03,Strade Bianche,POGAČAR Tadej,1.UWT
08.03,Strade Bianche Donne,VOLLERING Demi,1.WWT
08.03,Grand Prix Criquielion,MOSCHETTI Matteo,1.1
08.03,Le Tour des 100 Communes,BRENNAN Matthew,1.2
08.03,Rhodes GP,BUDZIŃSKI Marcin,1.2
08.03,Salverda Bouw Ster van Zwolle,,1.2
09.03 - 16.03,Paris-Nice,JORGENSON Matteo,2.UWT
09.03,Gran Premi Les Franqueses KH7,BLANC Gustave,1.1
09.03,Grote prijs Jean - Pierre Monseré,BRUNEL Alexys,1.1
09.03,Trofeo Oro in Euro - Women's Bike Race,SWINKELS Karlijn,1.1
09.03,Dorpenomloop Rucphen,DE CEUSTER Milan,1.2
09.03,Grand Prix de la Ville de Lillers Souvenir Bruno Comini,BRENNAN Matthew,1.2
09.03,POREČ Classic,MILAN Matteo,1.2
09.03,POREČ Classic Ladies,DE BOER Manon,1.2
10.03 - 16.03,Tirreno-Adriatico,AYUSO Juan,2.UWT
11.03 - 13.03,Trofeo Ponente in Rosa,,2.2
12.03,Ixina GP Oetingen p/b Lotto,DE WILDE Julie,1.Pro
13.03 - 16.03,Istrian Spring Tour,BOICHIS Adrien,2.2
13.03 - 16.03,Tour of Rhodes Powered by Rodos Palace,BASSET Pierre-Henry,2.2
14.03,National Championships Panama ME - ITT,SAMUDIO Carlos,NC
14.03,National Championships Panama MJ - ITT,MARTINEZ Jahaziel,NC
14.03,National Championships Panama MU - ITT,VARGAS Cristopher,NC
14.03,National Championships Panama WE - ITT,DUCREUX Wendy,NC
14.03,National Championships Panama WJ - ITT,ATENCIO Noemy,NC
14.03,National Championships Panama WU - ITT,LÓPEZ Maraya,NC
15.03 - 16.03,Betcity Elfstedenrace,,2.1
15.03,Danilith Nokere Koerse MJ,MICHIELSEN Thor,1.1
15.03,National Championships Panama MJ - Road Race,CABALLERO Boris,NC
15.03,National Championships Panama WE - Road Race,DUCREUX Wendy,NC
15.03,National Championships Panama WJ - Road Race,ATENCIO Noemy,NC
16.03,Trofeo Alfredo Binda - Comune di Cittiglio,BALSAMO Elisa,1.WWT
16.03,Piccolo Trofeo Alfredo Binda - Valli del Verbano,ARENS Megan,1.Ncup
16.03,National Championships Panama ME - Road Race,GONZÁLEZ Roberto Carlos,NC
16.03,National Championships Panama MU - Road Race,CABALLERO Michael,NC
16.03 - 20.03,Tour de Taiwan,GILMORE Brady,2.1
16.03,Popolarissima,SMIRNOV Ivan,1.2
19.03,Danilith Nokere Koerse,EEKHOFF Nils,1.Pro
19.03,Danilith Nokere Koerse WE,LACH Marta,1.Pro
19.03,Milano - Torino,DEL TORO Isaac,1.Pro
20.03,Grand Prix de Denain - Porte du Hainaut,BRENNAN Matthew,1.Pro
21.03,Bredene Koksijde Classic,THEUNS Edward,1.Pro
21.03,Youngster Coast Challenge,SENTJENS Sente,1.2U
22.03,Milano-Sanremo,VAN DER POEL Mathieu,1.UWT
22.03,Milano-Sanremo Donne,WIEBES Lorena,1.WWT
22.03,Classic Loire Atlantique,,1.1
22.03 - 23.03,Guido Reybrouck Classic,COLEMAN Vos,2.1
23.03,Bernaudeau Junior,CLAISSE Édouard,1.1
23.03,Cholet Agglo Tour,KUBIŠ Lukáš,1.1
23.03,GP Slovenian Istria,COPPENS Michiel,1.2
23.03,Grand Prix Apollon Temple,RUDYK Bartosz,1.2
23.03,Midwest Cycling Classic,SOUREN Scarlett,1.2
23.03,Strade Bianche di Romagna,,1.2
23.03,Troféu Internacional da Arrábida,GIAIMI Luca,1.2
24.03 - 30.03,Volta Ciclista a Catalunya,ROGLIČ Primož,2.UWT
24.03 - 29.03,The Princess Maha Chakri Sirindhorn's Cup Tour of Thailand,SALBY Alexander,2.1
25.03 - 29.03,Settimana Internazionale Coppi e Bartali,TULETT Ben,2.1
26.03,Classic Brugge-De Panne ME,MOLANO Juan Sebastián,1.UWT
26.03 - 30.03,Olympia's Tour,L'HOTE Antoine,2.2
26.03 - 30.03,Volta ao Alentejo,HOBBS Noah,2.2
27.03,Classic Brugge-De Panne WE,WIEBES Lorena,1.WWT
27.03,GP Brda-Collio,BUDZIŃSKI Marcin,1.2
27.03,GP Goriska & Vipava Valley,,1.2
28.03,E3 Saxo Classic ME,VAN DER POEL Mathieu,1.UWT
28.03,E3 Saxo Classic MJ,BABOVICH Mikita,1.Ncup
29.03 - 30.03,Tour du Bocage et de l'Ernée 53,CLAISSE Édouard,2.1
30.03,Gent-Wevelgem in Flanders Fields ME,PEDERSEN Mads,1.UWT
30.03,Gent-Wevelgem In Flanders Fields WE,WIEBES Lorena,1.WWT
30.03,G.P. Emilia,,1.1
30.03,La Roue Tourangelle Centre Val de Loire - Groupama P.V.L.,BLIKRA Erlend,1.1
30.03,I feel Slovenia VN Adria Mobil,ERŽEN Žak,1.2
31.03 - 02.04,The Princess Maha Chakri Sirindhorn's Cup Women's Tour of Thailand,MANEEPHAN Jutatip,2.2
01.04,Grand Prix Boquerón,STIASNY Petra,1.1
02.04,Dwars door Vlaanderen - A travers la Flandre ME,POWLESS Neilson,1.UWT
02.04,Dwars door Vlaanderen - A travers la Flandre WE,LONGO BORGHINI Elisa,1.Pro
02.04,Paris - Camembert,LOOCKX Lander,1.1
02.04 - 06.04,Tour El Salvador,HARTMANN Elena,2.1
02.04 - 06.04,ΔΕΗ Tour of Hellas,LÓPEZ Harold Martín,2.1
04.04 - 06.04,Internationale Cottbuser Junioren-Etappenfahrt,BARRY Ashlin,2.1
04.04,La Route Adélie de Vitré,FREDHEIM Stian,1.1
04.04 - 06.04,Jamaica International Cycling Classic,HENAO Sergio,2.2
05.04,Gran Premio Miguel Indurain,NYS Thibau,1.Pro
05.04,Volta NXT Classic ME,SMITH Dion,1.1
05.04,Boucle de l'Artois,BOWER Lewis,1.2
05.04,Volta NXT Classic WE,GERRITSE Femke,1.2
06.04,Ronde van Vlaanderen - Tour des Flandres ME,POGAČAR Tadej,1.UWT
06.04,Ronde van Vlaanderen - Tour des Flandres WE,KOPECKY Lotte,1.WWT
06.04,Grand Prix Syedra Ancient City,DE BOD Stefan,1.2
06.04,Trofeo Piva,TURCONI Filippo,1.2U
07.04 - 12.04,Itzulia Basque Country,ALMEIDA João,2.UWT
07.04 - 11.04,Tour of Hainan,TSARENKO Kyrylo,2.Pro
08.04,Grand Prix El Salvador,TOMASI Laura,1.1
08.04 - 11.04,Région Pays de la Loire Tour,VAUQUELIN Kévin,2.1
09.04,Scheldeprijs ME,MERLIER Tim,1.Pro
09.04,Grand Prix Presidente,MIERMONT Dilyxine,1.1
09.04,National Championships Uzbekistan MU - ITT,TSVETKOV Nikita,NC
09.04,Scheldeprijs WE,BALSAMO Elisa,1.1
09.04 - 13.04,Circuit des Ardennes,GILMORE Brady,2.2
09.04,National Championships Uzbekistan WU - ITT,RIZAEVA Asal,NC
09.04,Région Pays de la Loire Tour - Féminin,DIJKSTRA Anneke,1.2
10.04,Grand Prix Surf City,RYSZ Kaja,1.1
10.04,National Championships Uzbekistan MU - Road Race,TSVETKOV Nikita,NC
10.04,National Championships Uzbekistan WU - Road Race,ELMURODOVA Mohinabonu,NC
10.04 - 13.04,Tour of Mersin,DE BOD Stefan,2.2
11.04,Elite Road Central American Championships ME - ITT,RODAS Manuel,1.2
11.04,Elite Road Central American Championships WE - ITT,SOTO Jasmin Gabriela,1.2
11.04,Road Central American Championships MJ - ITT,CASTRO Sebastián,JR
11.04,Road Central American Championships MU - ITT,SISIMITH Eli Alejandro,JR
11.04,Road Central American Championships WJ - ITT,GÓMEZ Yailin,JR
12.04,Paris-Roubaix Femmes,FERRAND-PRÉVOT Pauline,1.WWT
12.04,Giro della Città Metropolitana di Reggio Calabria,COLNAGHI Luca,1.1
12.04,National Championships Cyprus MU - ITT,IOANNOU Constantinos,NC
12.04,National Championships United Arab Emirates ME - ITT,JASIM AL-ALI Abdulla,NC
12.04,National Championships United Arab Emirates MJ - ITT,AMIRI Yousuf,NC
12.04,National Championships United Arab Emirates MU - ITT,ALMUTAIWEI Mohammad,NC
12.04,National Championships United Arab Emirates WE - ITT,ALSAYEGH Safia,NC
12.04,Trofeu 15 d'Abril,VESHNYAKOV Daniil,1.1
12.04,Elite Road Central American Championships ME - TTT,,1.2
12.04,Elite Road Central American Championships WE - TTT,,1.2
12.04,National Championships Cyprus WU - ITT,KOUKOUMA Eleni,NC
12.04,Road Central American Championships MJ - IRR,CASTRO Sebastián,JR
12.04,Road Central American Championships WJ - IRR,GÓMEZ Yailin,JR
13.04,Paris-Roubaix,VAN DER POEL Mathieu,1.UWT
13.04,Paris-Roubaix Juniors,MOURIS Michiel,1.Ncup
13.04,Elite Road Central American Championships ME - IRR,ARCHIBOLD Franklin,1.2
13.04,Elite Road Central American Championships WE - IRR,SOTO Jasmin Gabriela,1.2
13.04,Paris-Roubaix Espoirs,WITHEN PHILIPSEN Albert,1.2U
13.04,Road Central American Championships MU - IRR,TORRES Melvin,JR
13.04,Ślężański Mnich VeloBank Bruki & Szutry,BANASZEK Norbert,1.2
13.04,Tr. Città di S.Vendemiano - GP Industria & Commercio,SCHRETTL Marco,1.2U
15.04 - 17.04,Grand Prix Gazalkent,,2.1
15.04 - 17.04,Grand Prix Gazalkent Ladies,,2.1
15.04 - 18.04,Il Giro d'Abruzzo,ZIMMERMANN Georg,2.1
16.04 - 19.04,Eroica Juniores - Nations Cup,,2.Ncup
16.04,Ronde van Limburg,FRETIN Milan,1.1
16.04 - 20.04,Tour du Loir et Cher,LARSEN Niklas,2.2
18.04,De Brabantse Pijl - La Flèche Brabançonne ME,EVENEPOEL Remco,1.Pro
18.04,De Brabantse Pijl - La Flèche Brabançonne WE,LONGO BORGHINI Elisa,1.Pro
18.04,Classic Grand Besançon Doubs,MARTIN Guillaume,1.1
18.04,National Championships Egypt WE - ITT,ZAYED AHMED Ebtissam,NC
18.04 - 21.04,TRIXXO Ster Van Zuid Limburg,MICHIELSEN Thor,2.1
19.04,National Championships Egypt WE - Road Race,ZAYED AHMED Ebtissam,NC
19.04,National Championships United Arab Emirates MJ - Road Race,AMIRI Yousuf,NC
19.04,National Championships United Arab Emirates WE - Road Race,ALSAYEGH Safia,NC
19.04 - 20.04,Penn Ar Bed - Bro An Hirwazh,ROYER Luc,2.1
19.04,Tour du Jura Cycliste,MARTIN Guillaume,1.1
19.04,Liège-Bastogne-Liège MU,WIDAR Jarno,1.2U
20.04,Amstel Gold Race,SKJELMOSE Mattias,1.UWT
20.04,Amstel Gold Race Ladies Edition,BREDEWOLD Mischa,1.WWT
20.04,Grand Prix Féminin de Chambéry,MAGNALDI Erica,1.1
20.04,National Championships United Arab Emirates ME - Road Race,ALSABBAGH Mohammad,NC
20.04,National Championships United Arab Emirates MU - Road Race,ALMUTAIWEI Mohammad,NC
20.04,Tour du Doubs,VERCHER Mattéo,1.1
21.04 - 25.04,Tour of the Alps,STORER Michael,2.Pro
21.04,Gran Premio del Perdono,SCHWARTZ Simon,1.1
21.04,Ronde de Mouscron,ANDERSEN Susanne,1.1
21.04,Giro del Belvedere,FINN Lorenzo,1.2U
22.04,G.P. Palio del Recioto - Trofeo Zanotti Mobili,NESPOLI Lorenzo,1.2U
23.04,La Flèche Wallonne,POGAČAR Tadej,1.UWT
23.04,La Flèche Wallonne Féminine,PIETERSE Puck,1.WWT
23.04,Pan-American Continental Championships MJ - ITT,CALDERÓN Jerónimo,CC
23.04,Pan-American Continental Championships WE - ITT,EDWARDS Ruth,CC
23.04,Pan-American Continental Championships WJ - ITT,OSORIO Luciana,CC
23.04 - 26.04,Belgrade Banjaluka,RAJOVIĆ Dušan,2.2
23.04 - 27.04,Tour of the Gila,HAUG Kieran,2.2
23.04 - 27.04,Tour of the Gila Women,STEPHENS Lauren,2.2
24.04,Pan-American Continental Championships ME - ITT,VARGAS Walter,CC
24.04,Pan-American Continental Championships MU - ITT,KALEJMANN Mateo,CC
24.04,Cavaliere Liberazione Junior,WRIGHT Connor,1.1
24.04,National Championships Zimbabwe ME - ITT,SHUMBA Rodrick,NC
24.04,National Championships Zimbabwe MJ - ITT,NICHOLSON Rohnan,NC
24.04,National Championships Zimbabwe MU - ITT,ASCOTT George,NC
24.04,National Championships Zimbabwe WE - ITT,MITCHELL Helen,NC
24.04,National Championships Zimbabwe WJ - ITT,PIOUS Michelle,NC
24.04 - 27.04,Vuelta Asturias Julio Alvarez Mendo,SOLER Marc,2.1
25.04,Pan-American Continental Championships MJ - Road Race,LEON PARRA Jose Leonardo,CC
25.04,Pan-American Continental Championships WJ - Road Race,OSORIO Luciana,CC
25.04,Coppa Montes Gran Premio della Resistenza,FRIGO Davide,1.1
25.04 - 27.04,EPZ Omloop van Borsele,,2.Ncup
25.04,Gran Premio Della Liberazione Donne,BLASI Paula,1.1
25.04,National Championships Egypt ME - ITT,AZIZ Mohab Youssef,NC
25.04,Gran Premio della Liberazione,MASCIARELLI Lorenzo,1.2U
25.04 - 01.05,Le Tour de Bretagne Cycliste,ØRN-KRISTOFF Felix,2.2
26.04,Pan-American Continental Championships MU - Road Race,GUATIBONZA Jonathan,CC
26.04,Pan-American Continental Championships WE - Road Race,LONDOÑO Juliana,CC
26.04,EPZ Omloop van Borsele Women,,1.1
26.04,National Championships Egypt ME - Road Race,RAUF Abdul Rauf Ahmed Abdul,NC
26.04,National Championships Zimbabwe ME - Road Race,DENSLOW Matthew,NC
26.04,National Championships Zimbabwe MJ - Road Race,NICHOLSON Rohnan,NC
26.04,National Championships Zimbabwe WE - Road Race,MITCHELL Helen,NC
26.04,Trofeo Emozione,MAGAGNOTTI Alessio,1.1
26.04,National Championships Zimbabwe WJ - Road Race,PIOUS Michelle,NC
27.04,Liège-Bastogne-Liège,POGAČAR Tadej,1.UWT
27.04,Liège-Bastogne-Liège Femmes,(LE COURT) PIENAAR Kimberley,1.WWT
27.04,Pan-American Continental Championships ME - Road Race,HODEG Álvaro José,CC
27.04 - 04.05,Presidential Cycling Tour of Turkiye,POELS Wout,2.Pro
27.04,EPZ Omloop van Borsele,,1.1
27.04,Giro di Primavera,MØLLER ANDERSEN Noah Lindholm,1.1
27.04,Giro della Provincia di Biella - Torino-Biella,ANDERSEN Kasper,1.2
27.04,Rutland-Melton CiCLE Classic,GRANGER Ben,1.2
28.04 - 03.05,Tour du Bénin,JANSE VAN RENSBURG Reinardt,2.2
28.04 - 30.04,Tour of Bostonliq,KENCH Josh,2.2
28.04 - 30.04,Tour of Bostonliq Ladies,ABDULLAEVA Shakhnoza,2.2
29.04 - 04.05,Tour de Romandie,ALMEIDA João,2.UWT
30.04 - 04.05,Vuelta BANTRAB,PEÑA Wilson Estiben,2.2
01.05,Eschborn-Frankfurt,MATTHEWS Michael,1.UWT
01.05,Cyclis-Bike-Lease Classic,,1.1
01.05 - 04.05,La Coupe du President de la Ville de Grudziądz,KAMSTRUP RØSSEL Alexander,2.1
01.05,National Championships Belgium MJ - ITT,VAN KERCKHOVE Seff,NC
01.05,National Championships Belgium MU - ITT,VERVENNE Jonathan,NC
01.05,National Championships Belgium WJ - ITT,FIVÉ Laura,NC
01.05,National Championships Chile ME - ITT,QUINTANA Hector Exequiel,NC
01.05,National Championships Chile MJ - ITT,CARRIZO Luciano,NC
01.05,National Championships Chile MU - ITT,ROJAS Diego,NC
01.05,National Championships Chile WE - ITT,SOTO Catalina Anais,NC
01.05,National Championships Chile WJ - ITT,MONSALVEZ Florencia,NC
01.05,National Championships Chile WU - ITT,TORRES Martina,NC
01.05,Eschborn-Frankfurt U23,HAUGSTED Conrad,1.2U
01.05,GP Vorarlberg p/b Radhaus Rankweil,MAROLT Jaka,1.2
01.05 - 04.05,Gracia,JACKSON Alison,2.2
01.05,National Championships Belgium WU - ITT,VIERSTRAETE Luca,NC
01.05,Tintrio - Omloop van het Waasland,PLOWRIGHT Jensen,1.2
02.05,National Championships Greece MJ - ITT,APOSTOLOPOULOS Eleftherios,NC
02.05,National Championships Greece MU - ITT,BERDEMPES Konstantinos,NC
02.05,National Championships Greece WJ - ITT,PAPADIMITRIOU Eirini,NC
02.05,National Championships Greece WU - ITT,GIACHOU Eleftheria,NC
02.05 - 06.05,Tour de Bloom,STEPHENS Lauren,2.2
03.05,Festival Elsy Jacobs à Garnich,LACH Marta,1.1
03.05,GP Immo Zone/Vloer-en chapewerken Smetryns,STOCKMAN Julie,1.1
03.05 - 04.05,Grand Prix West Bohemia,MOURIS Michiel,2.1
03.05,National Championships Chile MJ - Road Race,AHUMADA Elthon,NC
03.05,National Championships Chile WE - Road Race,SOTO Catalina Anais,NC
03.05,National Championships Chile WJ - Road Race,ROJAS Marlen,NC
03.05,National Championships Greece WJ - Road Race,PAPADIMITRIOU Eirini,NC
03.05,National Championships Greece WU - Road Race,GIACHOU Eleftheria,NC
03.05,Flèche Ardennaise,WIDAR Jarno,1.2
03.05,Grand Prix Herning,ROSENLUND Stian,1.2
03.05,Ronde van Overijssel,,1.2
04.05 - 10.05,Vuelta España Femenina,VOLLERING Demi,2.WWT
04.05,Festival Elsy Jacobs à Luxembourg,FIDANZA Martina,1.1
04.05,Lotto Famenne Ardenne Classic,KANTER Max,1.1
04.05,National Championships Chile ME - Road Race,QUINTANA Hector Exequiel,NC
04.05,National Championships Greece MJ - Road Race,KOUSIS Georgios,NC
04.05,National Championships Greece MU - Road Race,ARVANITOU Nikiforos,NC
04.05,Tour du Carmausin Segala U19,BLANC Johan,1.1
04.05,Fyn Rundt - Tour of Funen,STAMPE Daniel,1.2
04.05,Grand Prix de Cotonou,JANSE VAN RENSBURG Reinardt,1.2
08.05,Boucles de l'Aulne - Châteaulin,ASKEY Lewis,1.1
08.05,Pointe du Raz Ladies Classic,BLASI Paula,1.1
08.05 - 11.05,Course de la Paix Juniors,JACKOWIAK Jan Michal,2.Ncup
08.05 - 11.05,Tour de Kumano,STEWART Mark,2.2
09.05 - 01.06,Giro d'Italia,YATES Simon,2.UWT
09.05,La Classique Morbihan,JANSEN Eline,1.1
09.05,Tour du Finistère Pays de Quimper,SPARFEL Aubin,1.1
10.05,Grand Prix du Morbihan,COSNEFROY Benoît,1.Pro
10.05,Grand Prix du Morbihan Femmes,GASPARRINI Eleonora Camilla,1.1
10.05,Liège-Bastogne-Liège MJ,HUDSON Harry,1.1
10.05,Silesian Beskid Race,BUDZIŃSKI Marcin,1.2
10.05,Sundvolden GP,LEKNESSUND Andreas,1.2
10.05 - 11.05,Tour du Gévaudan Occitanie femmes,SWIERENGA Sidney,2.Ncup
11.05,Tro-Bro Léon,TRONCHON Bastien,1.Pro
11.05,Gent-Wevelgem / Grote Prijs A. Noyelle-Ieper,DE VALCK Sune,1.1
11.05,Gent-Wevelgem WJ,BOOTHMAN Erin,1.1
11.05,Trofee Maarten Wynants,FIDANZA Martina,1.1
11.05,Beskid Classic,,1.2
11.05,Gent-Wevelgem / Kattekoers-Ieper,BORGO Alessandro,1.2U
11.05,Gran Premio Industrie del Marmo,SAVEKIN Ilya,1.2U
11.05,Radsportfest Märwil,BISSEGGER Stefan,1.2
11.05,Ringerike GP,LØLAND Sakarias Koller,1.2
13.05,Classique Dunkerque / Grand prix des Hauts de France,ACKERMANN Pascal,1.Pro
14.05 - 18.05,4 Jours de Dunkerque / Grand Prix des Hauts de France,WATSON Samuel,2.Pro
14.05,Navarra Women's Elite Classic,FERGUSON Cat,1.Pro
14.05 - 18.05,Tour de Hongrie,LÓPEZ Harold Martín,2.Pro
14.05 - 17.05,Orlen Nations Grand Prix,SCHRETTL Marco,2.Ncup
15.05 - 18.05,Joe Martin Stage Race,,2.2
15.05 - 18.05,Joe Martin Stage Race,,2.2
15.05 - 18.05,Tour de Feminin,RICHARDSON Kate,2.2
16.05 - 18.05,Itzulia Women,VOLLERING Demi,2.WWT
16.05,National Championships Argentina ME - ITT,KALEJMANN Mateo,NC
16.05,National Championships Argentina MU - ITT,ERRIPA Nehuén,NC
16.05,National Championships Argentina WE - ITT,MALASPINA Barbera Fiorella,NC
17.05,National Championships Argentina WE - Road Race,FRANCONE Jennifer,NC
17.05,National Championships Denmark MJ - ITT,ELTOFT Johan,NC
17.05,National Championships Denmark WJ - ITT,FIALLA Ida Dam,NC
17.05,National Championships Peru ME - ITT,RUIZ Robinson Steven,NC
17.05,National Championships Peru MU - ITT,GONZÁLES Charles,NC
17.05,National Championships Peru WE - ITT,MEDRANO Romina Maribel,NC
17.05,Simac Omloop der Kempen Ladies,TACEY April,1.1
17.05 - 18.05,Tour de Gironde International,,2.1
17.05,Eroica Juniores - Coppa Andrea Meneghelli,PROIETTI GAGLIARDONI Mattia,1.1
17.05,Giro Himledalen,ANDERSEN Mads,1.2
18.05,National Championships Argentina ME - Road Race,COBARRUBIA Leonardo,NC
18.05,National Championships Argentina MU - Road Race,TALLARICO Enzo Ariel,NC
18.05,National Championships Peru ME - Road Race,TOSCANO Bill Janz,NC
18.05,National Championships Peru WE - Road Race,ROJAS Mariana,NC
18.05,Rund um Köln,BRENNAN Matthew,1.1
18.05,Circuito del Porto - Trofeo Arvedi,ERŽEN Žak,1.2
18.05,Gran Premio New York City,CHRISTIAN Sean,1.2
18.05 - 25.05,Tour of Japan,FANCELLU Alessandro,2.2
18.05,VDL Groep Omloop der Kempen,SANTY Arne,1.2
19.05,National Championships Uzbekistan MJ - ITT,SAPAROV Muhriddin,NC
19.05,National Championships Uzbekistan WJ - ITT,ENGAMBERDIEVA Nozima,NC
20.05,Durango Durango Emakumeen Saria,HOLMGREN Isabella,1.1
20.05,National Championships United States MJ - ITT,BARRY Ashlin,NC
20.05,National Championships United States WJ - ITT,EDWARDS Liliana,NC
21.05,National Championships United States ME - ITT,SHMIDT Artem,NC
21.05,National Championships United States MU - ITT,KESSLER Cole,NC
21.05,National Championships United States WE - ITT,EHRLICH Emily,NC
21.05,National Championships United States WU - ITT,PATRICK Chloe,NC
21.05,National Championships Uzbekistan MJ - Road Race,MAMARAJAPOV Tiloviddin,NC
21.05,National Championships Uzbekistan WJ - Road Race,ISMAILOVA Samira,NC
21.05 - 25.05,Ronde de l'Isard,WIDAR Jarno,2.2U
22.05 - 25.05,Vuelta a Burgos Feminas,REUSSER Marlen,2.WWT
22.05 - 25.05,Tour du Pays de Vaud,LOUW LARSEN Oskar,2.Ncup
23.05,Veenendaal - Veenendaal,,1.Pro
23.05 - 25.05,Grande Prémio Internacional Beiras e Serra da Estrela,GUERIN Alexis,2.1
23.05 - 25.05,SPIE Internationale Junioren Driedaagse,BODEN Rune,2.1
24.05,National Championships Paraguay ME - ITT,RIVEROS Francisco Daniel,NC
24.05,National Championships Paraguay MJ - ITT,CARBALLO Abraham,NC
24.05,National Championships Paraguay MU - ITT,DOMINGUEZ Carlos Vidal,NC
24.05,National Championships Paraguay WE - ITT,GALEANO Araceli Jazmin,NC
24.05,National Championships Paraguay WJ - ITT,FERNÁNDEZ Cecilia,NC
24.05,National Championships Serbia MU - ITT,STOLIĆ Mihajlo,NC
24.05,National Championships Serbia WU - ITT,PAVLOVIĆ Marija,NC
24.05,National Championships United States MU - Road Race,HLADY Gavin,NC
24.05,Veenendaal-Veenendaal,,1.1
24.05,Due Giorni Marchigiana - G.P. Santa Rita,PARRAVANO Francesco,1.2
24.05,National Championships United States WU - Road Race,SABO Ella,NC
25.05,National Championships Paraguay ME - Road Race,DOMINGUEZ Carlos Vidal,NC
25.05,National Championships Paraguay MJ - Road Race,GONZÁLEZ Alder,NC
25.05,National Championships Paraguay WE - Road Race,GALEANO Araceli Jazmin,NC
25.05,National Championships Paraguay WJ - Road Race,FERNÁNDEZ Cecilia,NC
25.05,National Championships Serbia MU - Road Race,STOLIĆ Mihajlo,NC
25.05,National Championships Serbia WU - Road Race,PAVLOVIĆ Marija,NC
25.05,National Championships United States MJ - Road Race,ADAMSKI Kash,NC
25.05,National Championships United States WJ - Road Race,SARKISOV Alyssa,NC
25.05,Ronde van Vlaanderen MJ,BIRKEDAL Julius Løvstrup,1.1
25.05,Ronde van Vlaanderen WJ,OSTIZ Paula,1.1
25.05,Due Giorni Marchigiana - Trofeo Città di Castelfidardo,DATI Tommaso,1.2
26.05,Mercan'Tour Classic Alpes-Maritimes,RODRÍGUEZ Cristián,1.1
26.05,National Championships United States ME - Road Race,SIMMONS Quinn,NC
26.05,National Championships United States WE - Road Race,FAULKNER Kristen,NC
26.05 - 30.05,Cycling Tour of Albania,JONKMANS Tom,2.2
27.05 - 31.05,Tour of Iran (Azarbaijan),SAFARZADEH Saeid,2.1
28.05 - 01.06,Bretagne Ladies Tour,,2.1
28.05 - 01.06,Alpes Isère Tour,SPARFEL Aubin,2.2
28.05 - 01.06,Flèche du Sud,RASENBERG Martijn,2.2
29.05 - 01.06,Boucles de la Mayenne - Crédit Mutuel,GATE Aaron,2.Pro
29.05 - 01.06,Tour of Norway,BRENNAN Matthew,2.Pro
29.05,Circuit de Wallonie,,1.1
29.05,Circuit de Wallonie Dames,,1.2
29.05 - 01.06,Course de la Paix Grand Prix Jeseníky,MARTÍ Pau,2.Ncup
29.05 - 01.06,Oberösterreich Rundfahrt,CADENA Edgar David,2.2
30.05,National Championships Malaysia ME - ITT,ROSLI Muhammad Nur Aiman Bin,NC
30.05,National Championships Malaysia MJ - ITT,MOHAMAD NAZIR Afif Darwysh,NC
30.05,National Championships Malaysia MU - ITT,KEE Zhe Yie,NC
30.05,National Championships Malaysia WE - ITT,NYO Ci Hui,NC
30.05,National Championships Malaysia WJ - ITT,AZIF Davia Evriel Eriana,NC
30.05 - 31.05,Tour of Estonia,SANDER HANSEN Marcus,2.1
31.05,Cyclis-Bike-Lease-Classic Heusden-Zolder,,1.1
31.05 - 01.06,Gipuzkoa Klasikoa,DIJKMAN Daan,2.1
31.05,Marcel Kint Classic,,1.1
31.05,National Championships Malaysia MJ - Road Race,ABDUL BASIR Muhammad Hakimi Edy,NC
31.05,National Championships Malaysia MU - Road Race,KEE Zhe Yie,NC
31.05,National Championships Malaysia WJ - Road Race,MOHD ADNI Nur Aierin Wadhiah,NC
31.05 - 01.06,Tour of Norway Women,OTTESTAD Mie Bjørndal,2.1
31.05,Ladies Tour of Estonia,KUMIĘGA Karolina,1.2
31.05 - 01.06,Trophée Centre Morbihan,HINDS Max,2.Ncup
01.06,National Championships Belgium MJ - Road Race,DE KEERSMAEKER Mathias,NC
01.06,National Championships Belgium WJ - Road Race,DE BUYSSER Auke,NC
01.06,National Championships Malaysia ME - Road Race,ROSLI Muhammad Nur Aiman Bin,NC
01.06,National Championships Malaysia WE - Road Race,MOHD ASRI Nurul Nabilah,NC
01.06,Coppa Della Pace - Trofeo Fratelli Anelli,BRACALENTE Diego,1.2U
01.06,Klaipeda Grand Prix,,1.2
02.06,TrofeoAlcide De Gasperi,TSARENKO Kyrylo,1.2
04.06 - 08.06,Tour of Slovenia,JOHANNESSEN Anders Halland,2.Pro
04.06 - 08.06,Tour de Gyeongnam,HOPKINS Dylan,2.2
04.06 - 15.06,Tour du Cameroun,MANSOURI Islam,2.2
04.06 - 08.06,Tour of Lithuania,LAAS Martin,2.2
05.06 - 08.06,Tour of Britain Women,WOLLASTON Ally,2.WWT
05.06 - 08.06,Ronde de l'Oise,,2.2
05.06 - 08.06,Tour of Małopolska,KONYCHEV Alexander,2.2
06.06 - 08.06,Volta Ciclista a Catalunya Femenina,VOLLERING Demi,2.1
07.06,Antwerp Port Epic Ladies,ANDERSEN Susanne,1.Pro
07.06 - 08.06,G.P. F.W.R. BARON - Pieve del Grappa - Possagno,NOVAL Benjamín,2.Ncup
07.06,Heylen Vastgoed Heistse Pijl,MAGNIER Paul,1.1
07.06,La Classique des Alpes Juniors,FRIEDL Anatol,1.1
07.06,National Championships Angola ME - ITT,DÁRIO António,NC
07.06,National Championships Angola MJ - ITT,DE ARAÚJO Sergio,NC
08.06 - 15.06,Critérium du Dauphiné,POGAČAR Tadej,2.UWT
08.06,Brussels Cycling Classic,MERLIER Tim,1.Pro
08.06,Alpes Gresivaudan Classic,CAVALLAR Valentina,1.1
08.06 - 09.06,Côte d'Or Classic Juniors,MATYASIK Maksymilian,2.1
08.06,Dwars door de Westhoek,MOORS Fleur,1.1
08.06,National Championships Angola ME - Road Race,GONÇALVES Hosana,NC
08.06,National Championships Angola MJ - Road Race,DE ARAÚJO Sergio,NC
08.06,National Championships Angola WE - Road Race,DE ARAÚJO Carla,NC
09.06,Antwerp Port Epic / Sels Trophy,KIELICH Timo,1.1
09.06,GP Mazda Schelkens,COPPONI Clara,1.1
09.06,Paris - Troyes,SIERRA Juan David,1.2
10.06 - 15.06,Vuelta a Colombia Femenina,PEÑUELA Diana,2.2
11.06 - 15.06,ZLM Tour,,2.1
11.06 - 15.06,Tour de Beauce,CAMARGO Diego Andrés,2.2
12.06 - 15.06,Tour de Suisse Women,REUSSER Marlen,2.WWT
12.06,National Championships Cuba ME - ITT,MANDIN MEDINA Yunior Brayan,NC
12.06,National Championships Cuba WE - ITT,MEJÍAS Marlies,NC
13.06,GP Gippingen,POWLESS Neilson,1.1
13.06,National Championships Finland ME - ITT,LARSEN Trond,NC
13.06,National Championships Finland MJ - ITT,PIRINEN Miko,NC
13.06,National Championships Finland MU - ITT,AHTOSALO Matias,NC
13.06,National Championships Finland WE - ITT,AHTOSALO Anniina,NC
13.06,National Championships Finland WJ - ITT,BORREMANS Lotte,NC
13.06,National Championships Finland WU - ITT,TURPEINEN Viivi,NC
13.06 - 15.06,Tour Féminin International des Pyrénées,OSTOLAZA Usoa,2.1
14.06,Duracell Dwars door het Hageland,MAGNIER Paul,1.Pro
14.06,Elmos Dwars door het Hageland,WIEBES Lorena,1.1
14.06,National Championships Bulgaria WJ - ITT,CHAN Jessika,NC
14.06,National Championships Costa Rica MJ - ITT,CASTILLO Alejandro,NC
14.06,National Championships Costa Rica WJ - ITT,VARGAS Miah,NC
14.06,National Championships Cuba WE - Road Race,MEJÍAS Marlies,NC
14.06,National Championships Finland MJ - Road Race,PIRINEN Miko,NC
14.06,National Championships Finland WJ - Road Race,TERONEN Anni,NC
14.06,National Championships Seychelles ME - ITT,,NC
14.06,National Championships Slovakia MU - ITT,GROSS Adam,NC
14.06,National Championships Seychelles MJ - ITT,,NC
14.06 - 15.06,Yellow River Estuary (Dongying) Road Cycling Race,PITA Cristian David,2.2
15.06 - 22.06,Tour de Suisse,ALMEIDA João,2.UWT
15.06,Elfstedenronde Brugge,MAGNIER Paul,1.1
15.06,National Championships Bulgaria WJ - Road Race,DIMITROVA IVANOVA Ivet,NC
15.06,National Championships Costa Rica MJ - Road Race,AGUILAR Matias,NC
15.06,National Championships Costa Rica WJ - Road Race,GÓMEZ Yailin,NC
15.06,National Championships Cuba ME - Road Race,DOMÍNGUEZ José Alberto,NC
15.06,National Championships Dominica ME - Road Race,BARON Kohath,NC
15.06,National Championships Dominica MJ - Road Race,,NC
15.06,National Championships Finland ME - Road Race,MAKOGON Vladyslav,NC
15.06,National Championships Finland WE - Road Race,AHTOSALO Anniina,NC
15.06,National Championships Seychelles ME - Road Race,,NC
15.06,SPAR Flanders Diamond Tour,,1.1
15.06,Trofeo GD Dorigo - M. O. Sogno Veneto,CAPELLO Roberto,1.1
15.06 - 22.06,Giro d'Italia Next Gen,OMRZEL Jakob,2.2U
15.06,National Championships Seychelles MJ - Road Race,,NC
17.06,CIC - Mont Ventoux,,1.Pro
17.06 - 22.06,Internationale LOTTO Thüringen Ladies Tour,,2.Pro
18.06 - 22.06,Baloise Belgium Tour,BARONCINI Filippo,2.Pro
18.06 - 21.06,La Route d'Occitanie - CIC,PRODHOMME Nicolas,2.1
19.06,National Championships Albania ME - ITT,VELIA Olsian,NC
19.06,National Championships Albania MJ - ITT,PIKU Leo,NC
19.06,National Championships Albania WE - ITT,KABETAJ Nelia,NC
19.06,National Championships Bermuda ME - ITT,NARRAWAY Nicholas,NC
19.06,National Championships Bermuda MJ - ITT,LANGLEY Jackson,NC
19.06,National Championships Bermuda WE - ITT,OLANDER Panzy,NC
19.06,National Championships Bermuda WJ - ITT,MILLINGTON Charlotte,NC
19.06 - 22.06,Vuelta Ciclista al Besaya,NOVAL Benjamín,2.1
19.06 - 22.06,LVM Saarland Trofeo,VAN KERCKHOVE Seff,2.Ncup
19.06,National Championships Albania WJ - ITT,DOLLAKU Nikol,NC
20.06,National Championships Albania ME - Road Race,KLOPPENBORG Lukas Sulaj,NC
20.06,National Championships Albania MJ - Road Race,PIKU Leo,NC
20.06,National Championships Albania WE - Road Race,KABETAJ Nelia,NC
20.06,National Championships Bolivia ME - ITT,GONZALES Freddy,NC
20.06,National Championships Bolivia MJ - ITT,SÁNCHEZ Mario,NC
20.06,National Championships Bolivia MU - ITT,ROSAS Brayan,NC
20.06,National Championships Bolivia WE - ITT,VILLANUEVA Wanda Florencia,NC
20.06,National Championships Costa Rica ME - ITT,RAMÍREZ Donovan,NC
20.06,National Championships Costa Rica MU - ITT,SANCHO José Pablo,NC
20.06,National Championships Costa Rica WE - ITT,QUESADA Gloriana Maria,NC
20.06,National Championships Costa Rica WU - ITT,QUIROS Sofia,NC
20.06,National Championships Kosovo ME - ITT,NUHA Blerton,NC
20.06,National Championships Kosovo MJ - ITT,KURTI Festim,NC
20.06,National Championships Kosovo MU - ITT,ISUFI Genc,NC
20.06,National Championships Kosovo WE - ITT,KADRIU Sibora,NC
20.06,National Championships Kosovo WJ - ITT,,NC
20.06,National Championships Kosovo WU - ITT,,NC
20.06,National Championships Romania ME - ITT,DIMA Emil,NC
20.06,National Championships Romania MJ - ITT,PRIDON Theodor-Vasile,NC
20.06,National Championships Romania WE - ITT,MUREȘAN Manuela,NC
20.06,National Championships Romania WJ - ITT,BALTES Iana-Alesia,NC
20.06,National Championships Serbia ME - ITT,RAJOVIĆ Dušan,NC
20.06,National Championships Serbia MJ - ITT,MARKOVIC Gavrilo,NC
20.06,National Championships Serbia WE - ITT,PAVLOVIĆ Iva,NC
20.06,National Championships Serbia WJ - ITT,BAJEVA Marija,NC
20.06,National Championships Singapore ME - ITT,LIM Zhen Yu Darren,NC
20.06,National Championships Singapore MJ - ITT,YIP Ga Cheng,NC
20.06,National Championships Singapore MU - ITT,BIN MOHD AIRUDIN Muhammad Raihan,NC
20.06,National Championships Singapore WE - ITT,FOO Faye,NC
20.06,National Championships Albania WJ - Road Race,DOLLAKU Nikol,NC
20.06,National Championships Bolivia WJ - ITT,ORQUERA Brania,NC
21.06,Copenhagen Sprint,WIEBES Lorena,1.WWT
21.06,National Championships Benin ME - Road Race,SODJEDE Ricardo,NC
21.06,National Championships Benin MJ - Road Race,SAÏZONOU Exodus,NC
21.06,National Championships Benin WE - Road Race,METOEVI Charlotte,NC
21.06,National Championships Benin WJ - Road Race,VIGNONFODO Georgette,NC
21.06,National Championships Bolivia MJ - Road Race,SÁNCHEZ Mario,NC
21.06,National Championships Bolivia WE - Road Race,VILLANUEVA Wanda Florencia,NC
21.06,National Championships Bolivia WJ - Road Race,DIAZ Anahi Stephany,NC
21.06,National Championships Burkina Faso WE - Road Race,BAMOGO Awa,NC
21.06,National Championships Burkina Faso WJ - Road Race,YAMEOGO Elvine Marie Rose,NC
21.06,National Championships Costa Rica MU - Road Race,AGUILAR Luis,NC
21.06,National Championships Estonia ME - ITT,TAARAMÄE Rein,NC
21.06,National Championships Estonia MJ - ITT,KÕIV Glen Gregory,NC
21.06,National Championships Estonia WE - ITT,SANDER Laura Lizette,NC
21.06,National Championships Estonia WJ - ITT,POHL Lauren,NC
21.06,National Championships Grenada ME - ITT,WALTERS Red,NC
21.06,National Championships Hong Kong ME - ITT,CHU Tsun Wai,NC
21.06,National Championships Hong Kong MJ - ITT,YIP Hon Man,NC
21.06,National Championships Hong Kong MU - ITT,WU Chun Yin,NC
21.06,National Championships Hong Kong WE - ITT,LEE Sze Wing,NC
21.06,National Championships Hungary MJ - Road Race,RÉVÉSZ Ádám,NC
21.06,National Championships Hungary WJ - Road Race,MUDRA Málna,NC
21.06,National Championships Italy WJ - Road Race,ROSSIGNOLI Matilde,NC
21.06,National Championships Japan MU - Road Race,MORITA Toa,NC
21.06,National Championships Japan WE - Road Race,KOBAYASHI Akari,NC
21.06,National Championships Kosovo ME - Road Race,NUHA Blerton,NC
21.06,National Championships Kosovo MJ - Road Race,KURTI Festim,NC
21.06,National Championships Kosovo MU - Road Race,XAKLI Jetgzon,NC
21.06,National Championships Kosovo WE - Road Race,KADRIU Sibora,NC
21.06,National Championships Lithuania ME - ITT,MIKUTIS Aivaras,NC
21.06,National Championships Lithuania MJ - ITT,VALINSKAS Kasparas,NC
21.06,National Championships Lithuania MU - ITT,GERDAUSKAS Aironas,NC
21.06,National Championships Lithuania WE - ITT,MIKAŠAUSKAITĖ Skaistė,NC
21.06,National Championships Lithuania WJ - ITT,AUDINYTĖ Augustė,NC
21.06,National Championships Mauritius ME - ITT,MAYER Alexandre,NC
21.06,National Championships Mauritius MJ - ITT,HARDY Tristan,NC
21.06,National Championships Mauritius MU - ITT,ONG TONE Noah,NC
21.06,National Championships Mauritius WE - ITT,(LE COURT) PIENAAR Kimberley,NC
21.06,National Championships Netherlands WJ - Road Race,JEUCKEN Britt,NC
21.06,National Championships Romania MJ - Road Race,COMAN David Alexandru,NC
21.06,National Championships Tunisia ME - ITT,DELLAI Mohamed Aziz,NC
21.06,National Championships Tunisia MJ - ITT,LAOUINI Mohamed Amine,NC
21.06,National Championships Tunisia WE - ITT,MOUSSA Asil,NC
21.06,National Championships Tunisia WJ - ITT,YASSMINE Chehaibi,NC
21.06,National Championships Costa Rica WU - Road Race,QUESADA Yendry Dixiana,NC
21.06,National Championships Kosovo WJ - Road Race,,NC
21.06,National Championships Kosovo WU - Road Race,,NC
22.06,Copenhagen Sprint,MEEUS Jordi,1.UWT
22.06,Andorra MoraBanc Clàssica,SKJELMOSE Mattias,1.1
22.06,National Championships Belize ME - ITT,WILLIAMS Cory,NC
22.06,National Championships Belize MJ - ITT,CHERRINGTON Ahmaad,NC
22.06,National Championships Belize MU - ITT,CHAVARRIA Derrick,NC
22.06,National Championships Belize WE - ITT,CHAVARRIA Patricia,NC
22.06,National Championships Belize WJ - ITT,CHOTO Lianni,NC
22.06,National Championships Belize WU - ITT,BALDERA Celina,NC
22.06,National Championships Benin ME - ITT,SODJEDE Ricardo,NC
22.06,National Championships Benin MJ - ITT,SAÏZONOU Exodus,NC
22.06,National Championships Benin MU - ITT,SAIZONOU J. Glorad,NC
22.06,National Championships Benin WE - ITT,AHOUISSOU Hermionne,NC
22.06,National Championships Benin WJ - ITT,VIGNONFODO Georgette,NC
22.06,National Championships Benin WU - ITT,METOEVI Charlotte,NC
22.06,National Championships Bermuda ME - Road Race,WHITE Conor,NC
22.06,National Championships Bermuda MJ - Road Race,LANGLEY Jackson,NC
22.06,National Championships Bermuda WE - Road Race,OLANDER Panzy,NC
22.06,National Championships Bermuda WJ - Road Race,MILLINGTON Charlotte,NC
22.06,National Championships Bolivia ME - Road Race,MOYATA Eduardo,NC
22.06,National Championships Bolivia MU - Road Race,ROSAS Brayan,NC
22.06,National Championships Burkina Faso ME - Road Race,SOULAMA Daouda,NC
22.06,National Championships Burkina Faso MJ - Road Race,OUANGRAOUA Mahamadi,NC
22.06,National Championships China ME - ITT,XUE Ming,NC
22.06,National Championships Costa Rica ME - Road Race,ROJAS Gabriel Francisco,NC
22.06,National Championships Costa Rica WE - Road Race,ROJAS Adriana Maria,NC
22.06,National Championships El Salvador ME - ITT,RODRÍGUEZ Brandon Ulises,NC
22.06,National Championships El Salvador MJ - ITT,ORELLANA Daniel,NC
22.06,National Championships El Salvador MU - ITT,CARCAMO Diego,NC
22.06,National Championships El Salvador WE - ITT,SHI Sauking Raquel,NC
22.06,National Championships Eritrea MJ - Road Race,EFRIEM Nahom,NC
22.06,National Championships Grenada ME - Road Race,WALTERS Red,NC
22.06,National Championships Guatemala ME - ITT,CHUMIL Sergio Geovani,NC
22.06,National Championships Guatemala MJ - ITT,MORALES Ferlandy Eliú,NC
22.06,National Championships Guatemala MU - ITT,RAMOS Tony,NC
22.06,National Championships Guatemala WE - ITT,SOTO Jasmin Gabriela,NC
22.06,National Championships Guatemala WJ - ITT,PUAC Jazmin Hannia,NC
22.06,National Championships Guatemala WU - ITT,NICHO Jessica,NC
22.06,National Championships Hong Kong ME - Road Race,NG Pak Hang,NC
22.06,National Championships Hong Kong MJ - Road Race,MA Yik Sin,NC
22.06,National Championships Hong Kong WE - Road Race,LEE Sze Wing,NC
22.06,National Championships Italy MJ - Road Race,CAROSI Vincenzo,NC
22.06,National Championships Japan ME - Road Race,KOBAYASHI Marino,NC
22.06,National Championships Macau ME - Road Race,KAM Chin Pok,NC
22.06,National Championships Mauritius ME - Road Race,CELESTIN Torea,NC
22.06,National Championships Mauritius MJ - Road Race,HARDY Tristan,NC
22.06,National Championships Mauritius MU - Road Race,L'AIGUILLE Jeremie,NC
22.06,National Championships Mauritius WE - Road Race,(LE COURT) PIENAAR Kimberley,NC
22.06,National Championships Netherlands MJ - Road Race,SCHOONVELDE Gijs,NC
22.06,National Championships Puerto Rico ME - Road Race,GONZÁLEZ Abner,NC
22.06,National Championships Puerto Rico MJ - Road Race,DE JESÚS Jesús,NC
22.06,National Championships Puerto Rico WE - Road Race,OTERO Erialis,NC
22.06,National Championships Romania ME - Road Race,MOLDANSKY Gerhard-Cristin,NC
22.06,National Championships Romania WE - Road Race,MUREȘAN Manuela,NC
22.06,National Championships Romania WJ - Road Race,BALTES Iana-Alesia,NC
22.06,National Championships Serbia ME - Road Race,STOJNIĆ Veljko,NC
22.06,National Championships Serbia MJ - Road Race,MARKOVIC Gavrilo,NC
22.06,National Championships Serbia WE - Road Race,ERIĆ Jelena,NC
22.06,National Championships Serbia WJ - Road Race,BAJEVA Marija,NC
22.06,National Championships Singapore ME - Road Race,YEO Boon Kiak,NC
22.06,National Championships Singapore MJ - Road Race,YIP Ga Cheng,NC
22.06,National Championships Singapore WE - Road Race,YEO Yen Ling Kathlyn,NC
22.06,National Championships Tunisia ME - Road Race,DELLAI Mohamed Aziz,NC
22.06,National Championships Tunisia MJ - Road Race,CHEIEB Emen Allah,NC
22.06,National Championships Tunisia WE - Road Race,MARIEM Brini,NC
22.06,National Championships Tunisia WJ - Road Race,ONS Fathallah,NC
23.06,National Championships China WE - ITT,WEI Suwan,NC
23.06,National Championships China WU - ITT,ZHAO Qing,NC
23.06,National Championships Iran WJ - ITT,,NC
24.06,Giro dell'Appennino,ULISSI Diego,1.1
24.06,National Championships China MJ - ITT,LI Xiaoman,NC
24.06,National Championships China WJ - ITT,HOU Yuxin,NC
24.06,National Championships Netherlands ME - ITT,HOOLE Daan,NC
24.06,National Championships Netherlands MJ - ITT,MOURIS Michiel,NC
24.06,National Championships Netherlands MU - ITT,VAN DER WAL Rik,NC
24.06,National Championships Netherlands WE - ITT,BREDEWOLD Mischa,NC
24.06,National Championships Netherlands WJ - ITT,ARENS Megan,NC
24.06,National Championships Ukraine MJ - ITT,SMOLYNETS Oleh,NC
24.06,National Championships Ukraine MU - ITT,KOZORIZ Danylo,NC
24.06,National Championships Ukraine MU - Road Race,,NC
24.06,National Championships Ukraine WE - ITT,BIRIUKOVA Yuliia,NC
24.06,National Championships Ukraine WJ - ITT,USHAKOVA Milana,NC
24.06,National Championships Ukraine WU - ITT,HOLOD Yelyzaveta,NC
24.06,National Championships Uzbekistan ME - ITT,TSVETKOV Nikita,NC
24.06,National Championships Uzbekistan WE - ITT,KUSKOVA Yanina,NC
24.06,Giro dell'Appennino Donne Elite,VITILLO Matilde,1.2
25.06,National Championships Algeria WJ - ITT,,NC
25.06,National Championships Algeria WU - ITT,,NC
25.06,National Championships China MU - ITT,JU Jinyang,NC
25.06,National Championships China MU - Road Race,ZHANG Baoshan,NC
25.06,National Championships Cyprus ME - ITT,MILTIADIS Andreas,NC
25.06,National Championships Cyprus MJ - ITT,DIMITRIOS Prekas,NC
25.06,National Championships Cyprus WE - ITT,GEORGIOU Constantina,NC
25.06,National Championships Eritrea WE - Road Race,ARAYA Monalisa,NC
25.06,National Championships Eritrea WJ - Road Race,,NC
25.06,National Championships Ethiopia ME - ITT,ABREHA Negasi Haylu,NC
25.06,National Championships Ethiopia WJ - ITT,GIMBATO Rahel,NC
25.06,National Championships Hungary ME - ITT,PELIKÁN János,NC
25.06,National Championships Hungary MJ - ITT,VARGA Márk,NC
25.06,National Championships Hungary MU - ITT,TAKÁCS Zsombor Tamás,NC
25.06,National Championships Hungary WE - ITT,ZSANKÓ Petra,NC
25.06,National Championships Hungary WJ - ITT,MUDRA Málna,NC
25.06,National Championships Hungary WU - ITT,TÓTH Réka,NC
25.06,National Championships Italy MJ - ITT,CAPELLO Roberto,NC
25.06,National Championships Italy WJ - ITT,DE LAURENTIIS Elena,NC
25.06,National Championships Kazakhstan WJ - Road Race,BURENKOVA Angelina,NC
25.06,National Championships Latvia ME - ITT,SKUJIŅŠ Toms,NC
25.06,National Championships Latvia MJ - ITT,TJUMINS Georgs,NC
25.06,National Championships Latvia MU - ITT,SKRAPCIS Olivers Jēkabs,NC
25.06,National Championships Latvia WE - ITT,ROŽLAPA Dana,NC
25.06,National Championships Latvia WJ - ITT,BRILTE Linda Elizabete,NC
25.06,National Championships Poland MJ - ITT,JACKOWIAK Jan Michal,NC
25.06,National Championships Poland MU - ITT,WALINIAK Konrad,NC
25.06,National Championships Poland WJ - ITT,OKRUCIŃSKA Maria,NC
25.06,National Championships Poland WU - ITT,SZCZĘSNA Martyna,NC
25.06,National Championships Ukraine ME - ITT,BUDIAK Anatolii,NC
25.06,National Championships Uzbekistan WE - Road Race,ABDULLAEVA Shakhnoza,NC
25.06,National Championships China WU - Road Race,WANG Shengning,NC
25.06,National Championships Cyprus WJ - ITT,GAVRIEL Sotiriana Sofia,NC
26.06,National Championships Afghanistan WE - ITT,HASHIMI Fariba,NC
26.06,National Championships Algeria ME - ITT,LAGAB Azzedine,NC
26.06,National Championships Algeria MJ - ITT,HAMZIOUI Salah,NC
26.06,National Championships Algeria MU - ITT,SAHIRI Ali Zakaria,NC
26.06,National Championships Algeria WE - ITT,HOUILI Nesrine,NC
26.06,National Championships China ME - Road Race,MIAO Chengshuo,NC
26.06,National Championships China WJ - Road Race,HOU Yuxin,NC
26.06,National Championships Czech Republic ME - ITT,VACEK Mathias,NC
26.06,National Championships Czech Republic MJ - ITT,PATRAS Jakub,NC
26.06,National Championships Czech Republic MU - ITT,BITTNER Jan,NC
26.06,National Championships Czech Republic WE - ITT,KOPECKÝ Julia,NC
26.06,National Championships Czech Republic WJ - ITT,ŠPICAROVÁ Karolina,NC
26.06,National Championships Dominican Republic ME - ITT,GARCIA Erlin Antonio,NC
26.06,National Championships Dominican Republic MJ - ITT,SANCHEZ Yowal Ismael,NC
26.06,National Championships Dominican Republic MU - ITT,BIERD Frailyn,NC
26.06,National Championships Dominican Republic WE - ITT,ESPIRITUSANTO Flor,NC
26.06,National Championships Dominican Republic WJ - ITT,CORNELIO Christal,NC
26.06,National Championships Dominican Republic WU - ITT,PEREZ Melsey Yamely,NC
26.06,National Championships Estonia WJ - Road Race,KOIK Mariann,NC
26.06,National Championships Estonia WU - Road Race,SANDER Laura Lizette,NC
26.06,National Championships Ethiopia MJ - ITT,MERESA Hagos,NC
26.06,National Championships Ethiopia WE - ITT,ABRHA Fkadu Brhan,NC
26.06,National Championships France ME - ITT,ARMIRAIL Bruno,NC
26.06,National Championships France WE - ITT,KERBAOL Cédrine,NC
26.06,National Championships Great Britain ME - ITT,HAYTER Ethan,NC
26.06,National Championships Great Britain MU - ITT,THORNLEY Callum,NC
26.06,National Championships Great Britain WE - ITT,BÄCKSTEDT Zoe,NC
26.06,National Championships Great Britain WU - ITT,COUZENS Millie,NC
26.06,National Championships Ireland ME - ITT,MULLEN Ryan,NC
26.06,National Championships Ireland MJ - ITT,MURPHY Conor,NC
26.06,National Championships Ireland MU - ITT,RAFFERTY Adam,NC
26.06,National Championships Ireland WE - ITT,MURPHY Kelly,NC
26.06,National Championships Ireland WJ - ITT,RAFFERTY Aliyah,NC
26.06,National Championships Italy ME - ITT,GANNA Filippo,NC
26.06,National Championships Italy MU - ITT,DONATI Davide,NC
26.06,National Championships Italy WE - ITT,GUAZZINI Vittoria,NC
26.06,National Championships Kazakhstan ME - ITT,FEDOROV Yevgeniy,NC
26.06,National Championships Kazakhstan MJ - ITT,PODLUZHNYY Pavel,NC
26.06,National Championships Kazakhstan MU - ITT,REMKHI Rudolf,NC
26.06,National Championships Kazakhstan WE - ITT,OSSIM Akpeiil,NC
26.06,National Championships Kazakhstan WJ - ITT,YELKINA Mariya,NC
26.06,National Championships Kazakhstan WU - ITT,KAZAKOVA Violetta,NC
26.06,National Championships Latvia WJ - Road Race,KOZLOVSKA Katrīna Amanda,NC
26.06,National Championships Latvia WU - Road Race,SILTUMĒNA Kitija,NC
26.06,National Championships Lithuania WJ - Road Race,LIUTINSKAITĖ Monika,NC
26.06,National Championships Lithuania WU - Road Race,BIDVAITĖ Mantė,NC
26.06,National Championships Luxembourg ME - ITT,JUNGELS Bob,NC
26.06,National Championships Luxembourg MJ - ITT,ASTOLFI Flavio,NC
26.06,National Championships Luxembourg MU - ITT,KOCKELMANN Mathieu,NC
26.06,National Championships Luxembourg WE - ITT,SCHREIBER Marie,NC
26.06,National Championships Luxembourg WJ - ITT,LOPES Elena,NC
26.06,National Championships Luxembourg WU - ITT,WENZEL Liv,NC
26.06,National Championships Norway ME - ITT,FOSS Tobias,NC
26.06,National Championships Norway MJ - ITT,ØKSNES Håkon Eiksund,NC
26.06,National Championships Norway WE - ITT,AALERUD Katrine,NC
26.06,National Championships Norway WJ - ITT,GISSINGER Oda Aune,NC
26.06,National Championships Poland ME - ITT,MACIEJUK Filip,NC
26.06,National Championships Poland WE - ITT,SKALNIAK-SÓJKA Agnieszka,NC
26.06,National Championships Slovakia ME - ITT,SCHWARZBACHER Matthias,NC
26.06,National Championships Slovakia MJ - ITT,PASTVA Jakub,NC
26.06,National Championships Slovakia WE - ITT,CHLADOŇOVÁ Viktória,NC
26.06,National Championships Slovakia WJ - ITT,ANDACKÁ Nina,NC
26.06,National Championships South Korea ME - ITT,CHOE Hyeong Min,NC
26.06,National Championships South Korea WE - ITT,SHIN Jieun,NC
26.06,National Championships Switzerland ME - ITT,SCHMID Mauro,NC
26.06,National Championships Switzerland MJ - ITT,SALAMIN Antoine,NC
26.06,National Championships Switzerland MU - ITT,BARHOUMI Ilian Alexandre,NC
26.06,National Championships Switzerland WE - ITT,REUSSER Marlen,NC
26.06,National Championships Switzerland WJ - ITT,GROSSMANN Anja,NC
26.06,National Championships Switzerland WU - ITT,LEU Lorena,NC
26.06,National Championships Turkey ME - ITT,ABAY Burak,NC
26.06,National Championships Turkey MJ - ITT,ERÜLKÜ Ege,NC
26.06,National Championships Turkey MU - ITT,TEKİRDAĞ Arda,NC
26.06,National Championships Turkey WE - ITT,YAKIŞIR Reyhan,NC
26.06,National Championships Turkey WJ - ITT,ERTEKIN Buse Hatice,NC
26.06,National Championships Ukraine MJ - Road Race,SMOLYNETS Oleh,NC
26.06,National Championships Uzbekistan ME - Road Race,TAKHIROV Diyor,NC
26.06,National Championships Venezuela ME - ITT,AULAR Orluis,NC
26.06,National Championships Venezuela MJ - ITT,ORTIZ Williver Josue,NC
26.06,National Championships Venezuela MU - ITT,CUADROS Arley Alexander,NC
26.06,National Championships Venezuela WE - ITT,CHACÓN Lilibeth,NC
26.06,National Championships Venezuela WJ - ITT,ROA Yeniret Alexandra,NC
26.06,National Championships Venezuela WU - ITT,CANDELAS Fabiana,NC
27.06 - 29.06,BESTRONICS Acht van Bladel,MOURIS Michiel,2.1
27.06,National Championships Algeria MJ - Road Race,TAMAZOURT Hichem,NC
27.06,National Championships Algeria WE - Road Race,HOUILI Nesrine,NC
27.06,National Championships Algeria WJ - Road Race,,NC
27.06,National Championships Austria ME - ITT,GROßSCHARTNER Felix,NC
27.06,National Championships Austria MU - ITT,STIEGER Adrian,NC
27.06,National Championships Austria WE - ITT,SCHWEINBERGER Christina,NC
27.06,National Championships Austria WU - ITT,HUYS Tabea,NC
27.06,National Championships Belgium ME - ITT,EVENEPOEL Remco,NC
27.06,National Championships Belgium WE - ITT,KOPECKY Lotte,NC
27.06,National Championships Bulgaria ME - ITT,STOYNEV Emil,NC
27.06,National Championships Bulgaria MJ - ITT,VAN DER MERWE Nicholas,NC
27.06,National Championships Bulgaria MU - ITT,HADZHISTOYANOV Borislav,NC
27.06,National Championships Bulgaria WE - ITT,KOLISHEVA Nikol,NC
27.06,National Championships Canada ME - ITT,LEONARD Michael,NC
27.06,National Championships Canada MJ - ITT,RIGBY Monty,NC
27.06,National Championships Canada MU - ITT,MATTERN Carson,NC
27.06,National Championships Canada WE - ITT,BARIL Olivia,NC
27.06,National Championships Canada WJ - ITT,SWIERENGA Sidney,NC
27.06,National Championships Canada WU - ITT,HOLMGREN Ava,NC
27.06,National Championships China WE - Road Race,CHEN Lulu,NC
27.06,National Championships Denmark ME - ITT,PEDERSEN Mads,NC
27.06,National Championships Denmark WE - ITT,KOERNER Rebecca,NC
27.06,National Championships Eritrea ME - ITT,GHEBREIGZABHIER Amanuel,NC
27.06,National Championships Eritrea MJ - ITT,,NC
27.06,National Championships Eritrea WE - ITT,ARAYA Monalisa,NC
27.06,National Championships Eritrea WJ - ITT,,NC
27.06,National Championships Eritrea WU - ITT,,NC
27.06,National Championships Estonia MJ - Road Race,REI Karel Gustav,NC
27.06,National Championships Estonia MU - Road Race,KÜÜT Oskar,NC
27.06,National Championships Germany ME - ITT,SCHACHMANN Maximilian,NC
27.06,National Championships Germany MU - ITT,KESSLER Bruno,NC
27.06,National Championships Germany WE - ITT,NIEDERMAIER Antonia,NC
27.06,National Championships Germany WU - ITT,CZAPLA Justyna,NC
27.06,National Championships Greece ME - ITT,BOUGLAS Georgios,NC
27.06,National Championships Greece WE - ITT,FASOI Varvara,NC
27.06,National Championships Iceland ME - ITT,ÓMARSSON Ingvar,NC
27.06,National Championships Iceland MJ - ITT,SÖLVASON Sólon Kári,NC
27.06,National Championships Iceland WE - ITT,SIGURÐARDÓTTIR Hafdís,NC
27.06,National Championships Iceland WJ - ITT,HENNINGSDÓTTIR Hekla,NC
27.06,National Championships Indonesia ME - ITT,SYELHAN Muhammad,NC
27.06,National Championships Indonesia MJ - Road Race,RAMADHANA Vinsya,NC
27.06,National Championships Indonesia MU - ITT,RIZQI Dimas Nur Fadhil,NC
27.06,National Championships Indonesia WE - ITT,DELIA PRIATNA Ayustina,NC
27.06,National Championships Indonesia WJ - Road Race,ASSHOFI Nihayatuzzain,NC
27.06,National Championships Indonesia WU - ITT,DEWI Sayu Bella Sukma,NC
27.06,National Championships Jordan ME - Road Race,ABU HARRAH Majid,NC
27.06,National Championships Jordan WE - Road Race,KHALED Samah,NC
27.06,National Championships Kazakhstan MJ - Road Race,KUITENOV Murat,NC
27.06,National Championships Latvia MJ - Road Race,KANCERS Helvijs,NC
27.06,National Championships Latvia MU - Road Race,LAPIŅŠ Gusts,NC
27.06,National Championships Lithuania MJ - Road Race,BILERTAS Arnas,NC
27.06,National Championships Lithuania MU - Road Race,KLIMAVIČIUS Nikolas,NC
27.06,National Championships Mongolia ME - ITT,SAINBAYAR Jambaljamts,NC
27.06,National Championships Mongolia WE - ITT,JINJIIBADAM Anujin,NC
27.06,National Championships Morocco ME - ITT,EL KOURAJI Mohcine,NC
27.06,National Championships Morocco MJ - ITT,KHARBOUCHI Marouane,NC
27.06,National Championships Morocco MU - ITT,EL ALOUANI Driss,NC
27.06,National Championships Morocco WE - ITT,BENALLAL Mallika,NC
27.06,National Championships Morocco WJ - ITT,CHARDOUDI Amina,NC
27.06,National Championships Morocco WU - ITT,ALAHIANE Fatima Zohra,NC
27.06,National Championships North Macedonia ME - ITT,NASTEVSKI Slobodan,NC
27.06,National Championships North Macedonia MJ - ITT,ANCEVSKI Kiril,NC
27.06,National Championships North Macedonia MU - ITT,JOVANOSKI Dimitar,NC
27.06,National Championships North Macedonia WE - ITT,PETROVA Elena,NC
27.06,National Championships Poland MU - Road Race,LEWANDOWSKI Dawid,NC
27.06,National Championships Poland WJ - Road Race,OKRUCIŃSKA Maria,NC
27.06,National Championships Portugal ME - ITT,MORGADO António,NC
27.06,National Championships Portugal MU - ITT,LOPES Lucas,NC
27.06,National Championships Portugal WE - ITT,ROXO Beatriz,NC
27.06,National Championships Puerto Rico WJ - Road Race,COLON Daliana Alexandra,NC
27.06,National Championships Slovenia ME - ITT,ŠTAJNAR Mihael,NC
27.06,National Championships Slovenia MJ - ITT,KUNTARIČ Vanja,NC
27.06,National Championships Slovenia MU - ITT,KOMAC Nejc,NC
27.06,National Championships Slovenia WE - ITT,BUJAK Eugenia,NC
