Rank,Rider,Team,Points
1,POGAČAR Tadej,UAE Team Emirates - XRG,4921
2,DEL TORO Isaac,UAE Team Emirates - XRG,2755
3,VINGEGAARD Jonas,Team Visma | Lease a Bike,2399
4,ALMEIDA João,UAE Team Emirates - XRG,2270
5,PEDERSEN Mads,Lidl - Trek,2233
6,EVENEPOEL Remco,Red Bull - BORA - hansgrohe,1924
7,PIDCOCK Thomas,Pinarello Q36.5 Pro Cycling Team,1855
8,VAN DER POEL Mathieu,Alpecin-Premier Tech,1621
9,ONLEY Oscar,INEOS Grenadiers,1620
10,DE LIE Arnaud,Lotto Intermarché,1615
11,MAGNIER Paul,Soudal Quick-Step,1552
12,AYUSO Juan,Lidl - Trek,1414
13,CICCONE Giulio,Lidl - Trek,1405
14,SCARONI Christian,XDS Astana Team,1343
15,MCNULTY Brandon,UAE Team Emirates - XRG,1338
16,VAUQUELIN Kévin,INEOS Grenadiers,1331
17,MERLIER Tim,Soudal Quick-Step,1275
18,VAN AERT Wout,Team Visma | Lease a Bike,1274
19,MILAN Jonathan,Lidl - Trek,1268
20,PHILIPSEN Jasper,Alpecin-Premier Tech,1248
21,VINE Jay,UAE Team Emirates - XRG,1225
22,HEALY Ben,EF Education - EasyPost,1207
23,LIPOWITZ Florian,Red Bull - BORA - hansgrohe,1173
24,KOOIJ Olav,Decathlon CMA CGM Team,1161
25,STORER Michael,Tudor Pro Cycling Team,1142
26,JORGENSON Matteo,Team Visma | Lease a Bike,1127
27,GALL Felix,Decathlon CMA CGM Team,1122
28,GRÉGOIRE Romain,Groupama - FDJ United,1108
29,SKJELMOSE Mattias,Lidl - Trek,1105
30,BRENNAN Matthew,Team Visma | Lease a Bike,1104
31,MARTINEZ Lenny,Bahrain - Victorious,1057
32,ROGLIČ Primož,Red Bull - BORA - hansgrohe,1034
33,NARVÁEZ Jhonatan,UAE Team Emirates - XRG,1001
34,ARENSMAN Thymen,INEOS Grenadiers,985
35,GANNA Filippo,INEOS Grenadiers,956
36,STRONG Corbin,NSN Cycling Team,953
37,JEANNIÈRE Emilien,TotalEnergies,943
38,YATES Simon,,928
39,POWLESS Neilson,EF Education - EasyPost,889
40,ANDRESEN Tobias Lund,Decathlon CMA CGM Team,874
41,GIRMAY Biniam,NSN Cycling Team,867
42,MEEUS Jordi,Red Bull - BORA - hansgrohe,863
43,YATES Adam,UAE Team Emirates - XRG,846
44,WÆRENSKJOLD Søren,Uno-X Mobility,844
45,MATTHEWS Michael,Team Jayco AlUla,841
46,BERNAL Egan,INEOS Grenadiers,841
47,BILBAO Pello,Bahrain - Victorious,818
48,FORTUNATO Lorenzo,XDS Astana Team,811
49,CHRISTEN Jan,UAE Team Emirates - XRG,790
50,CARAPAZ Richard,EF Education - EasyPost,785
51,KUBIŠ Lukáš,Unibet Rose Rockets,782
52,ALAPHILIPPE Julian,Tudor Pro Cycling Team,780
53,BITTNER Pavel,Team Picnic PostNL,766
54,HIRSCHI Marc,Tudor Pro Cycling Team,756
55,ARANBURU Alex,Cofidis,754
56,PRODHOMME Nicolas,Decathlon CMA CGM Team,753
57,VELASCO Simone,XDS Astana Team,752
58,JOHANNESSEN Tobias Halland,Uno-X Mobility,737
59,GEE-WEST Derek,Lidl - Trek,731
60,BUITRAGO Santiago,Bahrain - Victorious,728
61,HINDLEY Jai,Red Bull - BORA - hansgrohe,714
62,PELLIZZARI Giulio,Red Bull - BORA - hansgrohe,714
63,LÓPEZ Harold Martín,XDS Astana Team,709
64,CHAMPOUSSIN Clément,XDS Astana Team,699
65,SCHMID Mauro,Team Jayco AlUla,698
66,GODON Dorian,INEOS Grenadiers,689
67,TULETT Ben,Team Visma | Lease a Bike,686
68,SIVAKOV Pavel,UAE Team Emirates - XRG,677
69,WELLENS Tim,UAE Team Emirates - XRG,675
70,O'CONNOR Ben,Team Jayco AlUla,675
71,VAN WILDER Ilan,Soudal Quick-Step,668
72,WRIGHT Fred,Pinarello Q36.5 Pro Cycling Team,652
73,FRETIN Milan,Cofidis,645
74,MAS Enric,Movistar Team,641
75,KANTER Max,XDS Astana Team,640
76,WATSON Samuel,INEOS Grenadiers,639
77,JEGAT Jordan,TotalEnergies,634
78,TIBERI Antonio,Bahrain - Victorious,630
79,GATE Aaron,XDS Astana Team,629
80,MALUCELLI Matteo,XDS Astana Team,629
81,GROVES Kaden,Alpecin-Premier Tech,614
82,MARTIN Guillaume,Groupama - FDJ United,613
83,PIGANZOLI Davide,Team Visma | Lease a Bike,606
84,UIJTDEBROEKS Cian,Movistar Team,600
85,DEL GROSSO Tibor,Alpecin-Premier Tech,597
86,BENOOT Tiesj,Decathlon CMA CGM Team,593
87,MULUBRHAN Henok,XDS Astana Team,593
88,RICCITELLO Matthew,Decathlon CMA CGM Team,593
89,MORGADO António,UAE Team Emirates - XRG,589
90,ULISSI Diego,XDS Astana Team,588
91,ABRAHAMSEN Jonas,Uno-X Mobility,582
92,DELETTRE Alexandre,TotalEnergies,578
93,LECERF Junior,Soudal Quick-Step,576
94,SHEFFIELD Magnus,INEOS Grenadiers,573
95,TEJADA Harold,XDS Astana Team,567
96,CHRISTEN Fabio,Pinarello Q36.5 Pro Cycling Team,561
97,ROMO Javier,Movistar Team,553
98,SKUJIŅŠ Toms,Lidl - Trek,547
99,SEIXAS Paul,Decathlon CMA CGM Team,544
100,PARET-PEINTRE Aurélien,Decathlon CMA CGM Team,539
101,GROENEWEGEN Dylan,Unibet Rose Rockets,538
102,ASKEY Lewis,NSN Cycling Team,535
103,SILVA Guillermo Thomas,XDS Astana Team,531
104,KUSS Sepp,Team Visma | Lease a Bike,527
105,KULSET Johannes,Uno-X Mobility,527
106,BAGIOLI Andrea,Lidl - Trek,524
107,TEUNISSEN Mike,XDS Astana Team,515
108,MOSCHETTI Matteo,Pinarello Q36.5 Pro Cycling Team,514
109,TRENTIN Matteo,Tudor Pro Cycling Team,512
110,SIMMONS Quinn,Lidl - Trek,512
111,VERMEERSCH Florian,UAE Team Emirates - XRG,510
112,LAPEIRA Paul,Decathlon CMA CGM Team,509
113,DOUBLE Paul,Team Jayco AlUla,505
114,JOHANNESSEN Anders Halland,Uno-X Mobility,505
115,AULAR Orluis,Movistar Team,504
116,PLAPP Luke,Team Jayco AlUla,501
117,ROMEO Iván,Movistar Team,491
118,VAN POPPEL Danny,Red Bull - BORA - hansgrohe,488
119,CANAL Carlos,Movistar Team,485
120,CORT Magnus,Uno-X Mobility,482
121,FISHER-BLACK Finn,Red Bull - BORA - hansgrohe,473
122,ANIOŁKOWSKI Stanisław,Cofidis,472
123,BARRÉ Louis,Team Visma | Lease a Bike,471
124,GROßSCHARTNER Felix,UAE Team Emirates - XRG,468
125,SOLER Marc,UAE Team Emirates - XRG,466
126,DUJARDIN Sandy,TotalEnergies,464
127,VACEK Mathias,Lidl - Trek,461
128,LONARDI Giovanni,Team Polti VisitMalta,460
129,LANDA Mikel,Soudal Quick-Step,459
130,BETTIOL Alberto,XDS Astana Team,454
131,MENTEN Milan,Lotto Intermarché,449
132,SALBY Alexander,Li Ning Star,449
133,LAURANCE Axel,INEOS Grenadiers,449
134,BERTHET Clément,Groupama - FDJ United,446
135,PENHOËT Paul,Groupama - FDJ United,445
136,SCHACHMANN Maximilian,Soudal Quick-Step,442
137,GRUEL Thibaud,Groupama - FDJ United,442
138,TURNER Ben,INEOS Grenadiers,441
139,RONDEL Mathys,Tudor Pro Cycling Team,441
140,COQUARD Bryan,Cofidis,440
141,RENARD Alexis,Cofidis,436
142,TRONCHON Bastien,Groupama - FDJ United,436
143,VENTURINI Clément,Unibet Rose Rockets,434
144,ZAMBANINI Edoardo,Bahrain - Victorious,428
145,LANGELLOTTI Victor,INEOS Grenadiers,426
146,VAN DEN BERG Marijn,EF Education - EasyPost,426
147,FRIGO Marco,NSN Cycling Team,424
148,MOLANO Juan Sebastián,UAE Team Emirates - XRG,420
149,NYS Thibau,Lidl - Trek,415
150,CASTRILLO Pablo,Movistar Team,415
151,VERNON Ethan,NSN Cycling Team,413
152,WITHEN PHILIPSEN Albert,Lidl - Trek,413
153,RUBIO Einer,Movistar Team,412
154,BLIKRA Erlend,Uno-X Mobility,410
155,MADOUAS Valentin,Groupama - FDJ United,409
156,BALLERINI Davide,XDS Astana Team,408
157,CARUSO Damiano,Bahrain - Victorious,407
158,STUYVEN Jasper,Soudal Quick-Step,405
159,DVERSNES Fredrik,Uno-X Mobility,405
160,HOELGAARD Markus,Uno-X Mobility,404
161,HOFSTETTER Hugo,NSN Cycling Team,399
162,COVI Alessandro,Team Jayco AlUla,399
163,HERMANS Quinten,Pinarello Q36.5 Pro Cycling Team,397
164,BAUHAUS Phil,Bahrain - Victorious,395
165,LARSEN Niklas,Unibet Rose Rockets,394
166,TSARENKO Kyrylo,,393
167,RODRÍGUEZ Cristián,XDS Astana Team,392
168,KÜNG Stefan,Tudor Pro Cycling Team,389
169,TOWNSEND Rory,Unibet Rose Rockets,382
170,KRISTOFF Alexander,,380
171,DAINESE Alberto,Soudal Quick-Step,380
172,ARMIRAIL Bruno,Team Visma | Lease a Bike,376
173,VAN GILS Maxim,Red Bull - BORA - hansgrohe,374
174,SHEEHAN Riley,NSN Cycling Team,369
175,PARET-PEINTRE Valentin,Soudal Quick-Step,367
176,THOMAS Benjamin,Cofidis,366
177,BERCKMOES Jenno,Lotto Intermarché,361
178,FREDHEIM Stian,Uno-X Mobility,359
179,HONORÉ Mikkel Frølich,EF Education - EasyPost,358
180,FEDOROV Yevgeniy,XDS Astana Team,358
181,VAN EETVELT Lennert,Lotto Intermarché,355
182,TARLING Joshua,INEOS Grenadiers,355
183,MARIT Arne,Red Bull - BORA - hansgrohe,354
184,DÉMARE Arnaud,,348
185,PLUIMERS Rick,Tudor Pro Cycling Team,345
186,HAYTER Ethan,Soudal Quick-Step,343
187,LEKNESSUND Andreas,Uno-X Mobility,340
188,MAJKA Rafał,,339
189,DE LA CRUZ David,Pinarello Q36.5 Pro Cycling Team,338
190,TURGIS Anthony,TotalEnergies,338
191,POELS Wout,Unibet Rose Rockets,334
192,TRÆEN Torstein,Uno-X Mobility,328
193,DE BONDT Dries,Team Jayco AlUla,327
194,BARRENETXEA Jon,Movistar Team,326
195,BIERMANS Jenthe,Cofidis,323
196,VAN DEN BROEK Frank,Team Picnic PostNL,322
197,TILLER Rasmus,Uno-X Mobility,319
198,TEUTENBERG Tim Torn,Lidl - Trek,317
199,DELBOVE Joris,TotalEnergies,314
200,SEGAERT Alec,Bahrain - Victorious,314
201,GAUDU David,Groupama - FDJ United,312
202,COSTIOU Ewen,Groupama - FDJ United,312
203,HIGUITA Sergio,XDS Astana Team,311
204,FAGÚNDEZ Eric Antonio,Burgos Burpellet BH,311
205,MIHKELS Madis,EF Education - EasyPost,311
206,ADRIÀ Roger,Movistar Team,309
207,MIQUEL Pau,Bahrain - Victorious,308
208,HOOLE Daan,Decathlon CMA CGM Team,307
209,GUERIN Alexis,Anicolor / Campicarn,305
210,REX Laurenz,Soudal Quick-Step,304
211,ALBANESE Vincenzo,EF Education - EasyPost,303
212,NORDHAGEN Jørgen,Team Visma | Lease a Bike,302
213,VENDRAME Andrea,Team Jayco AlUla,300
214,QUARTUCCI Lorenzo,Burgos Burpellet BH,300
215,KOPECKÝ Matyáš,Unibet Rose Rockets,299
216,SÖDERQVIST Jakob,Lidl - Trek,298
217,GILMORE Brady,NSN Cycling Team,296
218,DÍAZ José Manuel,Burgos Burpellet BH,295
219,MOHORIČ Matej,Bahrain - Victorious,292
220,EEKHOFF Nils,Team Picnic PostNL,290
221,SOBRERO Matteo,Lidl - Trek,289
222,WELSFORD Sam,INEOS Grenadiers,289
223,RODRÍGUEZ Carlos,INEOS Grenadiers,287
224,IZAGIRRE Ion,Cofidis,286
225,MAYRHOFER Marius,Tudor Pro Cycling Team,285
226,BARCELÓ Fernando,Caja Rural - Seguros RGA,283
227,ENGELHARDT Felix,Team Jayco AlUla,283
228,POOLE Max,Team Picnic PostNL,281
229,TESFATSION Natnael,Movistar Team,280
230,VERMEERSCH Gianni,Red Bull - BORA - hansgrohe,278
231,DE SCHUYTENEER Steffen,Lotto Intermarché,278
232,STEWART Jake,NSN Cycling Team,277
233,GARCÍA PIERNA Raúl,Movistar Team,276
234,COSNEFROY Benoît,UAE Team Emirates - XRG,273
235,RAJOVIĆ Dušan,Solution Tech NIPPO Rali,272
236,LAFAY Victor,Unibet Rose Rockets,271
237,OLIVEIRA Ivo,UAE Team Emirates - XRG,271
238,LØLAND Sakarias Koller,Uno-X Mobility,271
239,BLACKMORE Joseph,NSN Cycling Team,271
240,LAPORTE Christophe,Team Visma | Lease a Bike,270
241,TEUNS Dylan,Cofidis,269
242,ETXEBERRIA Haimar,Red Bull - BORA - hansgrohe,268
243,NYCH Artem,Anicolor / Campicarn,263
244,GARCÍA CORTINA Iván,Movistar Team,263
245,HARPER Chris,Pinarello Q36.5 Pro Cycling Team,262
246,VOISARD Yannis,Tudor Pro Cycling Team,260
247,PRADES Eduard,Caja Rural - Seguros RGA,258
248,KIELICH Timo,Team Visma | Lease a Bike,258
249,MOZZATO Luca,Tudor Pro Cycling Team,256
250,ZANA Filippo,Soudal Quick-Step,255
251,BAUDIN Alex,EF Education - EasyPost,255
252,DE PLUS Laurens,INEOS Grenadiers,254
253,FIORELLI Filippo,Team Visma | Lease a Bike,254
254,ZIMMERMANN Georg,Lotto Intermarché,254
255,BARONCINI Filippo,UAE Team Emirates - XRG,254
256,MEURISSE Xandro,Pinarello Q36.5 Pro Cycling Team,251
257,STORK Florian,Tudor Pro Cycling Team,251
258,BALDERSTONE Abel,Caja Rural - Seguros RGA,251
259,BISSEGGER Stefan,Decathlon CMA CGM Team,249
260,LAMPERTI Luke,EF Education - EasyPost,249
261,BERRADE Urko,Equipo Kern Pharma,248
262,ARRIETA Igor,UAE Team Emirates - XRG,246
263,COBO Iván,Equipo Kern Pharma,244
264,RIKUNOV Petr,Wheeltop Rotor Chengdu Team,243
265,BOL Cees,Decathlon CMA CGM Team,242
266,DENZ Nico,Red Bull - BORA - hansgrohe,241
267,MONIQUET Sylvain,Cofidis,241
268,ROCHAS Rémy,Groupama - FDJ United,240
269,KONRAD Patrick,Lidl - Trek,239
270,GEOGHEGAN HART Tao,Lidl - Trek,238
271,CRAS Steff,Soudal Quick-Step,238
272,CAMPENAERTS Victor,Team Visma | Lease a Bike,237
273,FANCELLU Alessandro,MBH Bank CSB Telecom Fort,237
274,BARGUIL Warren,Team Picnic PostNL,235
275,MÜHLBERGER Gregor,Decathlon CMA CGM Team,235
276,LATOUR Pierre,,234
277,PITHIE Laurence,Red Bull - BORA - hansgrohe,234
278,WIDAR Jarno,Lotto Intermarché,234
279,VERMAERKE Kevin,UAE Team Emirates - XRG,233
280,VERCHER Mattéo,TotalEnergies,233
281,GAUTHERAT Pierre,Decathlon CMA CGM Team,231
282,EULÁLIO Afonso,Bahrain - Victorious,230
283,MOLENAAR Alex,Caja Rural - Seguros RGA,229
284,BISIAUX Léo,Decathlon CMA CGM Team,229
285,FOLDAGER Anders,Team Jayco AlUla,228
286,MAIRE Adrien,Unibet Rose Rockets,228
287,PEÑALVER Manuel,Team Polti VisitMalta,227
288,KOGUT Oded,NSN Cycling Team,227
289,ACKERMANN Pascal,Team Jayco AlUla,226
290,BARDET Romain,,224
291,MILESI Lorenzo,Movistar Team,224
292,LÓPEZ Juan Pedro,Movistar Team,223
293,HERRADA Jesús,Burgos Burpellet BH,222
294,DONOVAN Mark,Pinarello Q36.5 Pro Cycling Team,222
295,KWIATKOWSKI Michał,INEOS Grenadiers,221
296,GLOAG Thomas,Pinarello Q36.5 Pro Cycling Team,221
297,SVESTAD-BÅRDSENG Embret,INEOS Grenadiers,220
298,STAUNE-MITTET Johannes,Decathlon CMA CGM Team,220
299,PEÑA Jesús David,Efapel Cycling,218
300,RYAN Archie,EF Education - EasyPost,217
301,CARBONI Giovanni,,215
302,FINN Lorenzo,Red Bull - BORA - hansgrohe Rookies,212
303,BUCHMANN Emanuel,Cofidis,211
304,MOLLEMA Bauke,Lidl - Trek,211
305,VLASOV Aleksandr,Red Bull - BORA - hansgrohe,210
306,DEHAIRS Simon,Alpecin-Premier Tech,210
307,HALLER Marco,Tudor Pro Cycling Team,209
308,VAN MOER Brent,Pinarello Q36.5 Pro Cycling Team,208
309,LAAS Martin,,207
310,PARRA José Félix,Caja Rural - Seguros RGA,207
311,HOWSON Damien,Pinarello Q36.5 Pro Cycling Team,206
312,BREGNHØJ Mathias,Terengganu Cycling Team,206
313,MEINTJES Louis,,205
314,THIJSSEN Gerben,Alpecin-Premier Tech,205
315,THEUNS Edward,Lidl - Trek,204
316,FORMOLO Davide,Movistar Team,201
317,TAARAMÄE Rein,Kinan Racing Team,201
318,BREUILLARD Nicolas,TotalEnergies,201
319,CHARMIG Anthon,Uno-X Mobility,200
320,CAVIA Daniel,Burgos Burpellet BH,199
321,PINARELLO Alessandro,NSN Cycling Team,198
322,DUNBAR Eddie,Pinarello Q36.5 Pro Cycling Team,197
323,CHUMIL Sergio Geovani,Burgos Burpellet BH,197
324,OMRZEL Jakob,Bahrain - Victorious,195
325,VAN UDEN Casper,Team Picnic PostNL,193
326,NERURKAR Lukas,EF Education - EasyPost,193
327,CASTELLON Jan,Caja Rural - Seguros RGA,191
328,EIKING Odd Christian,Unibet Rose Rockets,190
329,ZANONCELLO Enrico,Bardiani CSF 7 Saber,190
330,MAGLI Filippo,Bardiani CSF 7 Saber,190
331,BRENNER Marco,Tudor Pro Cycling Team,190
332,PELLAUD Simon,Li Ning Star,189
333,CAPIOT Amaury,Team Jayco AlUla,188
334,DOUBEY Fabien,TotalEnergies,188
335,BUSATTO Francesco,Alpecin-Premier Tech,188
336,KELDERMAN Wilco,Team Visma | Lease a Bike,187
337,LIVYNS Arjen,XDS Astana Team,187
338,GALVÁN Francisco,,187
339,BENNETT Sam,Pinarello Q36.5 Pro Cycling Team,186
340,BOGUSŁAWSKI Marceli,ATT Investments,186
341,LOOCKX Lander,Unibet Rose Rockets,185
342,FOSS Tobias,INEOS Grenadiers,184
343,CATTANEO Mattia,Red Bull - BORA - hansgrohe,182
344,VAN BOVEN Luca,Lotto Intermarché,182
345,LEMMEN Bart,Team Visma | Lease a Bike,180
346,EENKHOORN Pascal,Soudal Quick-Step,179
347,AFFINI Edoardo,Team Visma | Lease a Bike,178
348,ASGREEN Kasper,EF Education - EasyPost,178
349,HOPKINS Dylan,Roojai Insurance Winspace,178
350,RUTSCH Jonas,Lotto Intermarché,177
351,ZWIEHOFF Ben,Red Bull - BORA - hansgrohe,177
352,BARTA Will,Tudor Pro Cycling Team,176
353,NAESEN Oliver,Decathlon CMA CGM Team,175
354,COSTA Rui,,175
355,HAJEK Alexander,Red Bull - BORA - hansgrohe,175
356,ALEOTTI Giovanni,Red Bull - BORA - hansgrohe,174
357,RUSSO Clément,Groupama - FDJ United,173
358,HOLTER Ådne,Uno-X Mobility,172
359,KUDUS Merhawi,Burgos Burpellet BH,171
360,VAN HEMELEN Vincent,Team Flanders - Baloise,171
361,MOLARD Rudy,Groupama - FDJ United,170
362,CEPEDA Jefferson Alveiro,Movistar Team,170
363,CAICEDO Jonathan Klever,Petrolike,169
364,ROLLAND Brieuc,Groupama - FDJ United,169
365,ALLENO Clément,Burgos Burpellet BH,167
366,MAEKELE Milkias,INEOS Grenadiers Racing Academy,167
367,VERONA Carlos,Lidl - Trek,166
368,PAGE Hugo,Cofidis,166
369,KRAGH ANDERSEN Søren,Lidl - Trek,165
370,GAROFOLI Gianmarco,Soudal Quick-Step,165
371,SAFARZADEH Saeid,,164
372,KÄMNA Lennard,Lidl - Trek,164
373,KNIGHT Oliver,Cofidis,164
374,DE PRETTO Davide,Team Jayco AlUla,163
375,PLANCKAERT Edward,Alpecin-Premier Tech,162
376,ARASHIRO Yukiya,Solution Tech NIPPO Rali,161
377,GUERREIRO Ruben,,161
378,PITA Cristian David,Roojai Insurance Winspace,161
379,PEDERSEN Casper,Soudal Quick-Step,161
380,GENIETS Kevin,Groupama - FDJ United,161
381,MARTINEZ Juan Guillermo,Team Picnic PostNL,161
382,BERASATEGI Xabier,Euskaltel - Euskadi,160
383,MAYER Alexandre,Burgos Burpellet BH,159
384,VAN BAARLE Dylan,Soudal Quick-Step,158
385,ZINGLE Axel,Team Visma | Lease a Bike,158
386,VAN MECHELEN Vlad,Bahrain - Victorious,158
387,OLDANI Stefano,Caja Rural - Seguros RGA,157
388,VAN DIJKE Mick,Red Bull - BORA - hansgrohe,157
389,MARCELLUSI Martin,Bardiani CSF 7 Saber,157
390,SWIFT Ben,INEOS Grenadiers,156
391,RAILEANU Cristian,Li Ning Star,156
392,WOODS Michael,,156
393,HODEG Álvaro José,,156
394,ZIJLAARD Maikel,Tudor Pro Cycling Team,156
395,BONNEU Kamiel,Solution Tech NIPPO Rali,156
396,PLOWRIGHT Jensen,Alpecin-Premier Tech,156
397,RACCAGNI NOVIERO Andrea,Soudal Quick-Step,155
398,LYU Xianjing,,153
399,ARTZ Huub,Lotto Intermarché,153
400,BUDZIŃSKI Marcin,MBH Bank CSB Telecom Fort,152
401,LABROSSE Jordan,Decathlon CMA CGM Team,152
402,PEDERSEN Rasmus Søjberg,Decathlon CMA CGM Team,152
403,DE BOD Stefan,Modern Adventure Pro Cycling,151
404,LUTSENKO Alexey,NSN Cycling Team,150
405,VIVIANI Elia,,150
406,DE KLEIJN Arvid,Tudor Pro Cycling Team,150
407,SHAW James,EF Education - EasyPost,150
408,CRESCIOLI Ludovico,Team Polti VisitMalta,150
409,AGIRRE Jon,Euskaltel - Euskadi,149
410,IRIBAR Unai,Equipo Kern Pharma,149
411,NIZZOLO Giacomo,,148
412,BRAZ AFONSO Clément,Groupama - FDJ United,148
413,SCHIFFER Anton,Team Visma | Lease a Bike,148
414,CHAVES Esteban,,147
415,ARVANITOU Nikiforos,Team United Shipping,147
416,CHAWCHIANGKWANG Peerapol,Thailand Continental Cycling Team,146
417,LEITÃO Iúri,Caja Rural - Seguros RGA,146
418,TOLIO Alex,Bardiani CSF 7 Saber,146
419,DE GENDT Aimé,Pinarello Q36.5 Pro Cycling Team,144
420,MATTHEIS Oliver,BIKE AID,144
421,LOUVEL Matis,NSN Cycling Team,144
422,CONCI Nicola,XDS Astana Team,143
423,CÔTÉ Pier-André,NSN Cycling Team,142
424,LEROUX Samuel,TotalEnergies,141
425,BJERG Mikkel,UAE Team Emirates - XRG,141
426,TERCERO Fernando,Team Polti VisitMalta,141
427,EINHORN Itamar,NSN Cycling Team,140
428,DE LA CALLE Hugo,Burgos Burpellet BH,140
429,DECOMBLE Maxime,Groupama - FDJ United,140
430,VINOKUROV Nicolas,XDS Astana Team,139
431,KOERDT Bjorn,Team Picnic PostNL,139
432,VALTER Attila,Bahrain - Victorious,138
433,TJØTTA Martin,Uno-X Mobility,138
434,HATHERLY Alan,Team Jayco AlUla,137
435,ALLEGAERT Piet,Cofidis,136
436,BAIS Davide,Team Polti VisitMalta,136
437,BRAET Vito,Lotto Intermarché,136
438,GARIBBO Nicolò,Team UKYO,135
439,VAN DIJKE Tim,Red Bull - BORA - hansgrohe,135
440,HUENS Axel,Groupama - FDJ United,135
441,LAMPAERT Yves,Soudal Quick-Step,134
442,GUERNALEC Thibault,TotalEnergies,134
443,CAVAGNA Rémi,Groupama - FDJ United,133
444,NICOLAU Joel,Caja Rural - Seguros RGA,133
445,SPARFEL Aubin,Decathlon CMA CGM Development Team,133
446,PACHER Quentin,Groupama - FDJ United,132
447,SMITH Dion,NSN Cycling Team,132
448,MAESTRI Mirco,Team Polti VisitMalta,132
449,RASCH Jesper,China Anta - Mentech Cycling Team,132
450,JUARISTI Txomin,Euskaltel - Euskadi,132
451,UHLIG Henri,Alpecin-Premier Tech,132
452,GACHIGNARD Thomas,TotalEnergies,132
453,SAINBAYAR Jambaljamts,Burgos Burpellet BH,131
454,RIVERA Brandon Smith,INEOS Grenadiers,131
455,VAN DER TUUK Axel,Euskaltel - Euskadi,131
456,MARTÍ Pau,NSN Cycling Team,131
457,SEPÚLVEDA Eduardo,Li Ning Star,130
458,VAN ASBROECK Tom,NSN Cycling Team,130
459,VAHTRA Norman,China Anta - Mentech Cycling Team,130
460,KENCH Josh,Groupama - FDJ United,130
461,WANDAHL Frederik,Red Bull - BORA - hansgrohe,128
462,AMAN Awet,Istanbul Team,128
463,SCOTSON Callum,Decathlon CMA CGM Team,127
464,GÓMEZ Germán Darío,Team Polti VisitMalta,127
465,CUYLITS Mauro,Lotto - Groupe Wanty,127
466,MAISONOBE Sam,Cofidis,127
467,JUNGELS Bob,INEOS Grenadiers,125
468,JANSE VAN RENSBURG Reinardt,Tshenolo Pro Cycling Team,124
469,TSISHKOU Raman,Li Ning Star,124
470,ROULAND Louis,Cofidis,124
471,AUGUST Andrew,INEOS Grenadiers,124
472,VERVAEKE Louis,Soudal Quick-Step,123
473,CAMARGO Diego Andrés,Team Medellín - EPM,121
474,LEONARD Michael,EF Education - EasyPost,121
475,VAN ENGELEN Adne,Terengganu Cycling Team,120
476,GHEBREIGZABHIER Amanuel,Lidl - Trek,120
477,SANDER HANSEN Marcus,BHS - PL Beton Bornholm,120
478,VALGREN Michael,EF Education - EasyPost,119
479,TOUZÉ Damien,Cofidis,119
480,COLNAGHI Luca,Bardiani CSF 7 Saber,119
481,GUARDEÑO Jaume,Caja Rural - Seguros RGA,119
482,BERNARD Julien,Lidl - Trek,118
483,QUINTANA Nairo,Movistar Team,118
484,BATSAIKHAN Tegsh-Bayar,Roojai Insurance Winspace,118
485,TSVETKOV Nikita,Bardiani CSF 7 Saber,118
486,POLITT Nils,UAE Team Emirates - XRG,117
487,MARTÍNEZ Daniel Felipe,Red Bull - BORA - hansgrohe,117
488,VARGAS Walter,Team Medellín - EPM,117
489,SWIFT Connor,INEOS Grenadiers,117
490,GERMANI Lorenzo,Groupama - FDJ United,117
491,TESSON Jason,TotalEnergies,116
492,HUBY Antoine,,116
493,ÁLVAREZ Héctor,Lidl - Trek Future Racing,116
494,WARBASSE Larry,Tudor Pro Cycling Team,115
495,HAIG Jack,INEOS Grenadiers,115
496,HEIDUK Kim,INEOS Grenadiers,115
497,WALLS Matthew,,114
498,GOVEKAR Matevž,Bahrain - Victorious,114
499,PRADES Benjamín,VC Fukuoka,113
500,STEINHAUSER Georg,EF Education - EasyPost,113
501,TURCONI Filippo,Bardiani CSF 7 Saber,113
502,HAGENES Per Strand,Team Visma | Lease a Bike,112
503,IZQUIERDO Clément,Cofidis,112
504,OLIVEIRA Rui,UAE Team Emirates - XRG,111
505,CEPEDA Jefferson Alexander,EF Education - EasyPost,111
506,CHRISTOPHERSEN Cedrik Bakke,Unibet Rose Rockets,111
507,BYSTRØM Sven Erik,Uno-X Mobility,110
508,PETER Jannis,Unibet Rose Rockets,110
509,VERRE Alessandro,MBH Bank CSB Telecom Fort,110
510,PEÑUELA Francisco Joel,Caja Rural - Seguros RGA,110
511,LE BERRE Mathis,TotalEnergies,110
512,HAMZA Yacine,,109
513,BURGAUDEAU Mathieu,TotalEnergies,109
514,ANDERSEN Mads,Swatt Club,109
515,SWEENY Harry,EF Education - EasyPost,108
516,VERGALLITO Luca,Alpecin-Premier Tech,108
517,DONALDSON Robert,Team Jayco AlUla,108
518,CURRIE Logan,,108
519,RUIZ Ibon,Equipo Kern Pharma,108
520,LIENHARD Fabian,Tudor Pro Cycling Team,107
521,DAUPHIN Florian,TotalEnergies,107
522,PICKERING Finlay,Team Jayco AlUla,107
523,GRANGER Ben,Solution Tech NIPPO Rali,106
524,KEPPLINGER Rainer,Bahrain - Victorious,106
525,BENNETT George,NSN Cycling Team,105
526,COVILI Luca,Bardiani CSF 7 Saber,105
527,PICKRELL Riley,Modern Adventure Pro Cycling,105
528,SCALCO Matteo,XDS Astana Development Team,105
529,PERICAS Adrià,UAE Team Emirates - XRG,105
530,MEIJERS Jeroen,Victoria Sports Pro Cycling,104
531,GAVIRIA Fernando,Caja Rural - Seguros RGA,104
532,BRENES Sebastian,Canel's - Java,104
533,DEBRUYNE Ramses,Alpecin-Premier Tech,104
534,DE POOTER Dries,Team Jayco AlUla,104
535,ZERAY Nahom,Team UKYO,104
536,CALLEJAS Edison Alejandro,Petrolike,104
537,WALSCHEID Max,Lidl - Trek,103
538,LÓPEZ Jordi,Euskaltel - Euskadi,103
539,KUZMIN Anton,XDS Astana Team,102
540,KRETSCHY Moritz,NSN Development Team,102
541,BRUNEL Alexys,TotalEnergies,101
542,GRAAT Tijmen,Team Visma | Lease a Bike,101
543,TIVANI German Nicolás,Aviludo - Louletano - Loulé,100
544,MARIAULT Axel,CIC Pro Cycling Academy,100
545,TORRES Pablo,UAE Team Emirates - XRG,100
546,HAMILTON Chris,Team Picnic PostNL,99
547,CONTRERAS Rodrigo,,98
548,VAN DEN BOSSCHE Fabio,Soudal Quick-Step,98
549,GUALDI Simone,Lotto Intermarché,98
550,GEENS Jonas,Alpecin-Premier Tech,98
551,VANHOUCKE Harm,Pinarello Q36.5 Pro Cycling Team,97
552,MARTÍN Gotzon,Euskaltel - Euskadi,97
553,CADENA Edgar David,,97
554,NOVÁK Pavel,Movistar Team,97
555,NEILANDS Krists,NSN Cycling Team,96
556,FERRON Valentin,Cofidis,96
557,BÉVORT Carl-Frederik,Uno-X Mobility,96
558,SCHRETTL Marco,XDS Astana Team,96
559,GUTIÉRREZ Jorge,Equipo Kern Pharma,95
560,HABTEAB Yoel,BIKE AID,95
561,SMIT Willie,China Anta - Mentech Cycling Team,94
562,VANSEVENANT Mauri,Soudal Quick-Step,94
563,MUNTON Byron,Modern Adventure Pro Cycling,94
564,BOIVIN Guillaume,NSN Cycling Team,93
565,GIDICH Yevgeniy,,93
566,FLYNN Sean,Team Picnic PostNL,93
567,APARICIO Mario,Burgos Burpellet BH,93
568,WENZEL Mats,Equipo Kern Pharma,93
569,LANHOVE Milan,Team Flanders - Baloise,93
570,JACOBS Johan,Groupama - FDJ United,92
571,BALLABIO Giacomo,Team Vorarlberg,92
572,MACIEJUK Filip,,92
573,VADIC Baptiste,TotalEnergies,92
574,MIMOUNI Oussama Abdellah,,92
575,GUERNALEC Victor,CIC Pro Cycling Academy,91
576,UMBA Santiago,Solution Tech NIPPO Rali,91
577,PETERS Nans,,90
578,KNOX James,Team Picnic PostNL,90
579,O'BRIEN Kelland,Team Jayco AlUla,90
580,BRAMBILLA Gianluca,,89
581,LAGAB Azzedine,Mouloudia Club d'Alger,89
582,BOMBOI Davide,,89
583,GONZÁLEZ David,Pinarello Q36.5 Pro Cycling Team,89
584,AERTS Toon,Lotto Intermarché,88
585,RACCANI Simone,Team UKYO,88
586,HERZOG Emil,Red Bull - BORA - hansgrohe,88
587,FELDHOFFER Bálint,Bahrain Victorious Development Team,88
588,DE JONG Timo,Team Picnic PostNL,87
589,PONOMAR Andrii,Petrolike,87
590,SHMIDT Artem,INEOS Grenadiers,87
591,DONNENWIRTH Tom,Groupama - FDJ United,87
592,ROTA Lorenzo,Lotto Intermarché,86
593,DEKKER David,BEAT Cycling Club,86
594,HOULE Hugo,Alpecin-Premier Tech,85
595,LEEMREIZE Gijs,Team Picnic PostNL,85
596,BELOKI Markel,EF Education - EasyPost,85
597,SAMITIER Sergio,Cofidis,84
598,MUGISHA Moise,,84
599,NØRTOFT Morten Aalling,Team ColoQuick,84
600,VERSTRYNGE Emiel,Alpecin-Premier Tech,84
601,SCHWARZBACHER Matthias,EF Education - EasyPost,84
602,SYRITSA Gleb,XDS Astana Team,83
603,RICKAERT Jonas,Alpecin-Premier Tech,82
604,CONSONNI Simone,Lidl - Trek,82
605,GOLDSTEIN Omer,,82
606,HUERTAS Jason Andrey,,82
607,QUICK Blake,FNIX - SCOM - Hengxiang Cycling Team,82
608,EDDY Patrick,Team Brennan,82
609,PALETTI Luca,Bardiani CSF 7 Saber,82
610,KOISHI Yuma,Kinan Racing Team,81
611,REINDERINK Pepijn,Soudal Quick-Step,81
612,MINTEGI Iker,Euskaltel - Euskadi,81
613,CAMPRUBÍ Marcel,Pinarello Q36.5 Pro Cycling Team,81
614,HOBBS Noah,EF Education - EasyPost,81
615,SCOTT Cameron,Li Ning Star,80
616,BARTHE Cyril,Groupama - FDJ United,80
617,RAISBERG Nadav,NSN Cycling Team,80
618,DALBY Simon,Uno-X Mobility,80
619,THORNLEY Callum,Red Bull - BORA - hansgrohe,80
620,BUDIAK Anatolii,,79
621,HENNEQUIN Paul,Euskaltel - Euskadi,79
622,ROMELE Alessandro,XDS Astana Team,79
623,CRABBE Tom,Team Flanders - Baloise,79
624,CORKERY Dillon,Team Picnic PostNL,78
625,PESCADOR Diego,Movistar Team,78
626,PEDRERO Antonio,,77
627,DUPONT Timothy,Tarteletto - Isorex,77
628,SINSCHEK Nils,Li Ning Star,77
629,VAN DER LEE Jardi Christiaan,EF Education - EasyPost,77
630,HANSEN Alexander Arnt,AIRTOX - Carl Ras,77
631,ABERASTURI Jon,,76
632,BRUSTENGA Marc,Equipo Kern Pharma,76
633,HELLEMOSE Asbjørn,Team Jayco AlUla,76
634,MAAS Jan,Cofidis,75
635,DE PESTEL Sander,Decathlon CMA CGM Team,75
636,LINAREZ Leangel Rubén,Tavfer-Ovos Matinados-Mortágua,75
637,GRIGNARD Sébastien,Lotto Intermarché,75
638,BERWICK Sebastian,Caja Rural - Seguros RGA,75
639,MARTÍN Alex,Illes Balears Arabay,75
640,PAREDES Wilmar,Team Medellín - EPM,74
641,OTRUBA Jakub,Caja Rural - Seguros RGA,74
642,CRAPS Lars,Lotto Intermarché,74
643,DE CASSAN Davide,General Store - Essegibi - F.Lli Curia,74
644,DARDER Sergi,Caja Rural - Seguros RGA,74
645,MOSCA Jacopo,Lidl - Trek,73
646,YEMANE Dawit,,73
647,GUDMESTAD Tord,Decathlon CMA CGM Team,73
648,DOULL Owain,Team Visma | Lease a Bike,72
649,REINDERS Elmar,Unibet Rose Rockets,72
650,MULLEN Ryan,NSN Cycling Team,72
651,STÜSSI Colin,Team Vorarlberg,72
652,STOKBRO Andreas,Swatt Club,72
653,DE VRIES Hartthijs,Unibet Rose Rockets,72
654,DOWNES Brandon,Tshenolo Pro Cycling Team,72
655,MILESI Nicolas,INEOS Grenadiers Racing Academy,72
656,MOSCON Gianni,Red Bull - BORA - hansgrohe,71
657,MÄRKL Niklas,Team Picnic PostNL,71
658,GRADEK Kamil,Bahrain - Victorious,70
659,EWAN Caleb,,70
660,NOVAK Domen,UAE Team Emirates - XRG,70
661,STANNARD Robert,Bahrain - Victorious,70
662,BURATTI Nicolò,MBH Bank CSB Telecom Fort,70
663,EPIS Giosuè,Petrolike,70
664,NIYONKURU Samuel,,70
665,VADER Milan,Pinarello Q36.5 Pro Cycling Team,69
666,SYELHAN Muhammad,ASC Monsters Indonesia,69
667,NEUMAN Dominik,ATT Investments,68
668,PĘKALA Piotr,ATT Investments,68
669,URIARTE Diego,Equipo Kern Pharma,68
670,HEREMANS Joppe,Van Rysel Roubaix,68
671,STOLIĆ Mihajlo,Bahrain Victorious Development Team,68
672,CHESINI Cesare,MBH Bank CSB Telecom Fort,68
673,DONATI Davide,Red Bull - BORA - hansgrohe Rookies,68
674,DONIE Milan,Lotto - Groupe Wanty,68
675,BOUGLAS Georgios,Burgos Burpellet BH,67
676,DEWULF Stan,Decathlon CMA CGM Team,67
677,GAMPER Patrick,Team Jayco AlUla,67
678,LASTRA Jonathan,Euskaltel - Euskadi,67
679,WILKSCH Hannes,Tudor Pro Cycling Team,67
680,MIKUTIS Aivaras,Tudor Pro Cycling Team,67
681,PALENI Enzo,Groupama - FDJ United,67
682,MARRIAGE Zac,NSN Development Team,67
683,REMIJN Senna,Alpecin-Premier Tech,67
684,HEPBURN Michael,,66
685,SOTO Antonio Jesús,Equipo Kern Pharma,66
686,HESTERS Jules,Team Flanders - Baloise,66
687,JOHANSEN Julius,UAE Team Emirates - XRG,66
688,WRIGHT Paul,Modern Adventure Pro Cycling,66
689,PŘIDAL Tomáš,Team United Shipping,66
690,GRUZDEV Dmitriy,,65
691,WALLIN Rasmus Bøgh,Team Cranks,65
692,MUDGWAY Luke,Li Ning Star,65
693,DINA Márton,MBH Bank CSB Telecom Fort,65
694,DE ROSSI Lucas,China Anta - Mentech Cycling Team,65
695,COBARRUBIA Leonardo,,65
696,YIĞIT Tahir,,65
697,KAMADA Koki,Toscana Factory Devo Team,65
698,JASCH Lennart,Tudor Pro Cycling Team U23,65
699,ARCHIBOLD Franklin,Solution Tech NIPPO Rali,64
700,ROSLI Muhammad Nur Aiman Bin,Terengganu Cycling Team,64
701,KOPECKÝ Tomáš,Unibet Rose Rockets,64
702,VERSCHUREN Killian,Unibet Rose Rockets,64
703,PHOUNSAVATH Ariya,Quick Pro Team,63
704,EDMONDSON Alex,,63
705,CATALDO Lorenzo,China Chermin Cycling Team,63
706,GLIVAR Gal,Alpecin-Premier Tech,63
707,HUBER Jan,Tudor Pro Cycling Team U23,63
708,CLARKE Simon,NSN Cycling Team,62
709,JUUL-JENSEN Christopher,Team Jayco AlUla,62
710,DELAPLACE Anthony,,62
711,RESELL Erik Nordsæter,Uno-X Mobility,62
712,TENE Rotem,NSN Development Team,62
713,WALSH Liam,CCACHE x BODYWRAP,62
714,SIMMONS Colby,EF Education - EasyPost,62
715,VERVENNE Jonathan,Soudal Quick-Step,62
716,LOULERGUE Victor,Groupama-FDJ United CT,62
717,OOMEN Sam,Lidl - Trek,61
718,FRĄTCZAK Radosław,Wibatech Lubelskie Perła Polski,61
719,BELOHVOŠČIKS Kristiāns,BIKE AID,61
720,NSENGIYUMVA Shemu,,61
721,VAN DER HOORN Taco,Lotto Intermarché,60
722,OLIVEIRA Nelson,Movistar Team,60
723,ČERNÝ Josef,Kasper crypto4me,60
724,PETILLI Simone,,60
725,HAMILTON Lucas,INEOS Grenadiers,60
726,HOPKINS Kaden,Atom 6 Bikes - Cycleur de Luxe - Auto Stroo Continental Team,60
727,BOULAHOITE Rayan,TotalEnergies,60
728,SCHULTZ Nick,NSN Cycling Team,59
729,DRIZNERS Jarrad,Red Bull - BORA - hansgrohe,59
730,GONOV Lev,XDS Astana Team,59
731,L'HOTE Antoine,Decathlon CMA CGM Team,59
732,DEGENKOLB John,Team Picnic PostNL,58
733,ERIKSSON Lucas,,58
734,GONZÁLEZ Roberto Carlos,Solution Tech NIPPO Rali,58
735,STEWART Mark,Modern Adventure Pro Cycling,58
736,SOSA Iván Ramiro,Equipo Kern Pharma,58
737,SLOCK Liam,Lotto Intermarché,58
738,JASIM AL-ALI Abdulla,UAE Team Emirates Gen Z,58
739,REGUIGUI Youcef,,57
740,TRATNIK Jan,Red Bull - BORA - hansgrohe,57
741,SERRANO Gonzalo,Movistar Team,57
742,ANTUNES Tiago,Efapel Cycling,57
743,BAYER Tobias,Alpecin-Premier Tech,57
744,LOZOUET Léandre,CIC Pro Cycling Academy,57
745,GUATIBONZA Jonathan,Movistar Team Academy,57
746,LIEPIŅŠ Emīls,Pinarello Q36.5 Pro Cycling Team,56
747,PASQUALON Andrea,,56
748,BANASZEK Norbert,ATT Investments,56
749,LAUK Karl Patrick,,56
750,MONK Cyrus,FNIX - SCOM - Hengxiang Cycling Team,56
751,AZPARREN Xabier Mikel,Pinarello Q36.5 Pro Cycling Team,56
752,MARSMAN Tim,Alpecin-Premier Tech,56
753,VANÍČEK Šimon,ATT Investments,56
754,SEYFOLLAHIFARD Hasan,,56
755,VOLTR Martin,ATT Investments,56
756,GAFFURI Mattia,Team Picnic PostNL,56
757,OKAMIKA Ander,Burgos Burpellet BH,56
758,RAFFERTY Darren,EF Education - EasyPost,56
759,DILLIER Silvan,Alpecin-Premier Tech,55
760,PEREZ Anthony,,55
761,VAN HOECKE Gijs,,55
762,MASNADA Fausto,MBH Bank CSB Telecom Fort,55
763,PAASSCHENS Mathijs,Bahrain - Victorious,55
764,BADILATTI Matteo,Pinarello Q36.5 Pro Cycling Team,55
765,BANASZEK Alan,Wibatech Lubelskie Perła Polski,55
766,SUNEKÆR NORSGAARD Mathias,Lidl - Trek,55
767,ZUKOWSKY Nickolas,Pinarello Q36.5 Pro Cycling Team,55
768,JOUSSEAUME Alan,TotalEnergies,55
769,BLUME LEVY William,Uno-X Mobility,55
770,VAN SINTMAARTENSDIJK Roel,Lotto Intermarché,55
771,WALKER Max,EF Education - EasyPost,55
772,MIHOLJEVIĆ Fran,Bahrain - Victorious,55
773,COPPENS Michiel,BEAT Cycling Club,55
774,ERMAKOV Roman,Bahrain - Victorious,55
775,SAGRADO Alvaro,Illes Balears Arabay,55
776,ALEMAYO Tekle,China Chermin Cycling Team,55
777,SEVILLA Óscar,Team Medellín - EPM,54
778,SIRIRONNACHAI Sarawut,,54
779,FORTIN Filippo,Hrinkow Advarics,54
780,VAN DEN BERG Julius,Team Picnic PostNL,54
781,HAMDAN Wan Abdul Rahman,Terengganu Cycling Team,54
782,YUN Jaebin,Roojai Insurance Winspace,54
783,GAJDULEWICZ Mateusz,ATT Investments,54
784,FAURA José Luis,Burgos Burpellet BH,54
785,THIERRY Pierre,TotalEnergies,54
786,ISIDORE Noa,Decathlon CMA CGM Team,54
787,MELLANO Ludovico Maria,XDS Astana Development Team,54
788,ALBLOOSHI Rashid,Abu Dhabi Cycling Club,54
789,SKAARSETH Anders,Uno-X Mobility,53
790,ZOCCARATO Samuele,MBH Bank CSB Telecom Fort,53
791,PARISINI Nicolò,Pinarello Q36.5 Pro Cycling Team,53
792,CROCKETT Finn,VolkerWessels Cycling Team,53
793,STOSZ Patryk,Voster Team,52
794,REIS Rafael,Anicolor / Campicarn,52
795,THOMAS Geraint,,52
796,KHALMURATOV Muradjan,,52
797,BAIS Mattia,Team Polti VisitMalta,52
798,GUGLIELMI Simon,St Michel - Preference Home - Auber93,52
799,SKERL Daniel,Bahrain - Victorious,52
800,FERNÁNDEZ Samuel,Caja Rural - Seguros RGA,52
801,KACZMAREK Jakub,Voster Team,51
802,KONYCHEV Alexander,China Anta - Mentech Cycling Team,51
803,CHAMPION Thomas,St Michel - Preference Home - Auber93,51
804,OSORIO Alejandro,,51
805,KLUCKERS Arthur,Tudor Pro Cycling Team,51
806,ÄRM Rait,Energus Cycling Team,51
807,THOMPSON Reuben,Lotto Intermarché,51
808,KRIEGER Alexander,,50
809,COMBAUD Romain,,50
810,YAMAMOTO Masaki,VC Fukuoka,50
811,GREGAARD Jonas,,50
812,DAVY Clément,Nice Métropole Côte d'Azur,50
813,GHYS Robbe,Decathlon CMA CGM Team,50
814,MILTIADIS Andreas,Quick Pro Team,50
815,COLMAN Alex,,50
816,COLLEONI Kevin,,50
817,DELACROIX Théo,St Michel - Preference Home - Auber93,50
818,MEDHANIE Natan,,50
819,MORO Manlio,Movistar Team,50
820,LABIB SHOTORBAN Ali,,50
821,KOTSAKIS Francisco,,50
822,HUISING Menno,Team Visma | Lease a Bike,50
823,YEMANE Even,BIKE AID,50
824,RAMÍREZ Mateo,UAE Team Emirates Gen Z,50
825,BIESTERBOS Frits,Team Picnic PostNL,50
826,VÉLEZ Cristian Damián,Team Sistecredito,50
827,KAMP Alexander,Uno-X Mobility,49
828,OTTEMA Rick,EEW-VDK Cyclingteam,49
829,SAMUDIO Carlos,Solution Tech NIPPO Rali,49
830,FERNÁNDEZ Miguel Ángel,,49
831,PORTER Rudy,Team Jayco AlUla,49
832,JOALLAND Yaël,Cofidis,49
833,NARRAWAY Nicholas,,49
834,GELDERS Gil,Soudal Quick-Step,49
835,ERŽEN Žak,Bahrain - Victorious,49
836,DE BUYST Jasper,Lotto Intermarché,48
837,QUINTANA Hector Exequiel,,48
838,LOPES Lucas,Efapel Cycling,48
839,NEGRENTE Mattia,XDS Astana Development Team,48
840,KIRSCH Alex,Cofidis,47
841,JUNG Woo-Ho,Seoul Cycling Team,47
842,VANHOOF Ward,Team Flanders - Baloise,47
843,CHAIYASOMBAT Thanakhan,Thailand Continental Cycling Team,47
844,AMARI Hamza,,47
845,MEZGEC Luka,Team Jayco AlUla,46
846,BIZKARRA Mikel,Euskaltel - Euskadi,46
847,AÏT EL ABDIA Anass,Qatar Pro Team,46
848,QUINN Sean,EF Education - EasyPost,46
849,ORMISTON Callum,The Hurricane & Thunder Cycling Team,46
850,KRIJNSEN Jelte,Team Jayco AlUla,46
851,PIDCOCK Joseph,Pinarello Q36.5 Pro Cycling Team,46
852,ÁLVAREZ Rodrigo,Burgos Burpellet BH,46
853,REDAE Bizay Tesfu,,46
854,VAN LERBERGHE Bert,Soudal Quick-Step,45
855,NABERMAN Tim,Team Picnic PostNL,45
856,MACÍAS César,Burgos Burpellet BH,45
857,BENNETT Stéfan,EuroCyclingTrips - CCN,45
858,TONEATTI Davide,XDS Astana Team,45
859,KAMZONG Clovis,,44
860,SÜTTERLIN Jasha,Team Jayco AlUla,44
861,BARBIER Pierre,Terengganu Cycling Team,44
862,SEVILLA Diego Pablo,Team Polti VisitMalta,44
863,BOU Joan,Caja Rural - Seguros RGA,44
864,KOLZE CHANGIZI Sebastian,Tudor Pro Cycling Team,44
865,MURGUIALDAY Jokin,Euskaltel - Euskadi,44
866,BETTLES Carter,Roojai Insurance Winspace,44
867,KHADBAATAR Temuulen,Roojai Insurance Winspace,44
868,MCLAY Daniel,,43
869,FENG Chun Kai,Astemo Utsunomiya Blitzen,43
870,FUGLSANG Jakob,,43
871,FELIPE Marcelo,Victoria Sports Pro Cycling,43
872,GARCÍA PIERNA Carlos,Burgos Burpellet BH,43
873,MUÑOZ Francisco,Team Polti VisitMalta,43
874,DIKE Joshua Ethan,,43
875,FRYDKJÆR Patrick Boje,Lidl - Trek Future Racing,43
876,EL ALOUANI Driss,,43
877,VILLA Giacomo,Petrolike,43
878,FERNÁNDEZ Rubén,Anicolor / Campicarn,42
879,MANZIN Lorrenzo,TotalEnergies,42
880,MEENS Johan,,42
881,PESENTI Thomas,Team Polti VisitMalta,42
882,KYFFIN Zeb,Terengganu Cycling Team,42
883,HESSMANN Michel,Movistar Team,42
884,ANDERSEN Kasper,Swatt Club,42
885,OOSTERLINCK Joes,Van Rysel Roubaix,42
886,SENTJENS Sente,Alpecin-Premier Tech,42
887,HERREÑO Martin Santiago,Bardiani CSF 7 Saber,42
888,ANGULO Antonio,,41
889,TAMINIAUX Lionel,Lotto Intermarché,41
890,MANSOURI Islam,,41
891,VANDENABEELE Henri,Team Flanders - Baloise,41
892,SEXTON Tom,St George Continental Cycling Team,41
893,ROJAS Gabriel Francisco,,41
894,ROSENLUND Stian,AIRTOX - Carl Ras,41
895,SHICHKIN Vlas,,41
896,FELDMANN Karsten Larsen,Unibet Rose Rockets,41
897,BASSET Pierre-Henry,XDS Astana Development Team,41
898,GARCÍA Carlos Alfonso,,41
899,MARIVOET Duarte,Lotto - Groupe Wanty,41
900,CHAMBERLAIN Oscar,Decathlon CMA CGM Team,41
901,ALMUTAIWEI Mohammad,UAE Team Emirates Gen Z,41
902,SOENENS Viktor,Soudal Quick-Step Devo Team,41
903,MENÉNDEZ Héctor,,41
904,BORREMANS Kasper,Bahrain Victorious Development Team,41
905,DURBRIDGE Luke,Team Jayco AlUla,40
906,RIESEBEEK Oscar,Alpecin-Premier Tech,40
907,VERMOTE Julien,,40
908,RAPP Jonas,FNIX - SCOM - Hengxiang Cycling Team,40
909,SCOTSON Miles,,40
910,JENNER Samuel,Wheeltop Rotor Chengdu Team,40
911,FINKŠT Tilen,Solution Tech NIPPO Rali,40
912,JOHANNINK Jelle,Unibet Rose Rockets,40
913,PRICE-PEJTERSEN Johan,Alpecin-Premier Tech,40
914,LEIJNSE Enzo,Anicolor / Campicarn,40
915,SERRANO Javier,Team Polti VisitMalta,40
916,WALTERS Red,,40
917,WEISS Fabian,Tudor Pro Cycling Team,40
918,HOUCOU Emmanuel,Pinarello Q36.5 Pro Cycling Team,40
919,SODJEDE Ricardo,,40
920,SMITH William,Team Visma | Lease a Bike Development,40
921,HAVERDINGS David,,40
922,KALEJMANN Mateo,,40
923,TAILLIEU Aldo,Team Visma | Lease a Bike Development,40
924,TESFAY Amanuel,,40
925,ABU HARRAH Majid,,40
926,TIZZA Marco,,39
927,MARCHAND Gianni,Tarteletto - Isorex,39
928,BEULLENS Cedric,Lotto Intermarché,39
929,SILVA Pedro,Feira dos Sofás - Boavista,39
930,VERCOUILLIE Victor,Team Flanders - Baloise,39
931,LAMBRECHT Michiel,Team Flanders - Baloise,39
932,SAVINO Federico,Soudal Quick-Step Devo Team,39
933,MASENGESHO Vainqueur,,39
934,ROYAN Muhammad Andy,,39
935,CASTROVIEJO Jonathan,,38
936,KOCH Jonas,,38
937,OKA Atsushi,Astemo Utsunomiya Blitzen,38
938,KRON Andreas,Uno-X Mobility,38
939,CRETTI Luca,MBH Bank CSB Telecom Fort,38
940,KOCKELMANN Mathieu,Lotto Intermarché,38
941,PRINGLE Nate,Decathlon CMA CGM Development Team,38
942,WARLOP Jordi,,37
943,TAROZZI Manuele,Bardiani CSF 7 Saber,37
944,SU Haoyu,XDS Astana Team,37
945,RAMÍREZ Donovan,,37
946,INGEBRIGTSEN Storm,Uno-X Mobility,37
947,FOUGNER Eivind Broholt,Unibet Rose Rockets,37
948,MENDES Diego De Jesus,,37
949,TEUGELS Lennert,Tarteletto - Isorex,36
950,MORA Luis Guillermo,,36
951,RIES Michel,,36
952,PRONSKIY Vadim,Terengganu Cycling Team,36
953,VÁSQUEZ Juan Mardoqueo,Hino One La Red Suzuki,36
954,BUDZIŃSKI Tomasz,ATT Investments,36
955,RODRÍGUEZ Brandon Ulises,,36
956,BOICHIS Adrien,Red Bull - BORA - hansgrohe,36
957,PÉREZ Ciro,AVC Aix Provence Dole,36
958,CONTI Valerio,Solution Tech NIPPO Rali,35
959,BOUCHARD Geoffrey,TotalEnergies,35
960,JANSSENS Jimmy,,35
961,DYBALL Benjamin,FNIX - SCOM - Hengxiang Cycling Team,35
962,ROOSEN Timo,Team Picnic PostNL,35
963,VAN DER SANDE Tosh,,35
964,OURSELIN Paul,Cofidis,35
965,ROBEET Ludovic,Cofidis,35
966,BAX Sjoerd,Pinarello Q36.5 Pro Cycling Team,35
967,KERGOZOU DE LA BOESSIERE Nick,St George Continental Cycling Team,35
968,BLOEM Joren,Unibet Rose Rockets,35
969,MACKELLAR Alastair,EF Education - EasyPost,35
970,D'AMATO Andrea,Team UKYO,35
971,REMKHI Rudolf,MBB Continental Cycling Team,35
972,FOX Matthew,Lotto Intermarché,35
973,BOWER Lewis,Groupama - FDJ United,35
974,OSES Luis Daniel,,35
975,BOCK Max,Red Bull - BORA - hansgrohe Rookies,35
976,O'BRIEN Liam,Lidl - Trek Future Racing,35
977,KURITS Karl,Lucky Sport Cycling Team,35
978,DOMÍNGUEZ José Alberto,,35
979,ABREU Jorge,Fina Arroz CES Multimarcas Bancamiga,34
980,WILLIAMS Cory,L39ION of Los Angeles,34
981,SABBAHI El Houcaine,,34
982,LE HUITOUZE Eddy,,34
983,KAJAMINI Florian Samuel,XDS Astana Team,34
984,VAN HAUTEGEM Leander,Team Flanders - Baloise,34
985,DOMINGUEZ Carlos Vidal,,34
986,EEMAN Kamiel,Lotto - Groupe Wanty,34
987,DELLAI Mohamed Aziz,,34
988,PHẠM Lê Xuân Lộc,Quick Pro Team,34
989,VAN KERCKHOVE Matisse,Team Visma | Lease a Bike Development,34
990,ZOIDL Riccardo,Hrinkow Advarics,33
991,FUENTES Ángel,,33
992,PROĆ Bartłomiej,Wibatech Lubelskie Perła Polski,33
993,MILLER Alex,,33
994,POMORSKI Michał,ATT Investments,33
995,PRIETO José Juan,Petrolike,33
996,BRACALENTE Diego,MBH Bank CSB Telecom Fort,33
997,RAFFERTY Adam,Hagens Berman Jayco,33
998,BLAISE Arthur,,33
999,ROWE Elliot,Team Visma | Lease a Bike Development,33
1000,TONELLI Alessandro,Team Polti VisitMalta,32
1001,SÉNÉCHAL Florian,Alpecin-Premier Tech,32
1002,GOOSSENS Kobe,,32
1003,BATTISTELLA Samuele,EF Education - EasyPost,32
1004,VAN TRICHT Stan,Soudal Quick-Step Devo Team,32
1005,ASSAL Mohamed Nadjib,,32
1006,NIELSEN Sebastian,Team ColoQuick,32
1007,ETXEBERRIA Asier,,32
1008,WHITE Conor,Jakroo Handsling Racing,32
1009,ARDILA Andrés Camilo,,32
1010,DATI Tommaso,Team UKYO,32
1011,CZABOK Konrad,Voster Team,32
1012,DE COMARMOND Aurelien,,32
1013,LOPEZ Juan Carlos,,32
1014,GIDDINGS Joshua,Lotto Intermarché,32
1015,ROTTMANN Jonathan Malte,Team Lotto Kern-Haus Outlet Montabaur,32
1016,BRUTTOMESSO Alberto,Bahrain - Victorious,32
1017,AUGÉ Ronan,Unibet Rose Rockets,32
1018,MEEHAN Jamie,Cofidis,32
1019,MORALES Christopher,,32
1020,SORARRAIN Gorka,Caja Rural - Seguros RGA,32
1021,FU Enqi,,32
1022,BERNAS Paweł,Voster Team,31
1023,DE TIER Floris,,31
1024,FABBRO Matteo,Solution Tech NIPPO Rali,31
1025,LAU Wan Yau Vincent,Roojai Insurance Winspace,31
1026,VERHOEFF Stefan,Universe Cycling Team,31
1027,PEÑA Wilson Estiben,Team Sistecredito,31
1028,LOCK Dennis,,31
1029,KEE Zhe Yie,Terengganu Cycling Team,31
1030,RABOUDE Jeremy,,31
1031,ØRN-KRISTOFF Felix,Lotto Intermarché,31
1032,ROBERTS Reef,Groupama-FDJ United CT,31
1033,KARIĆ Vedad,,30
1034,BOUWMAN Koen,Team Jayco AlUla,30
1035,CIMOLAI Davide,,30
1036,KRUIJSWIJK Steven,Team Visma | Lease a Bike,30
1037,BASTIAENS Ayco,Soudal Quick-Step,30
1038,JARNET Maxime,Van Rysel Roubaix,30
1039,SCHELLING Ide,,30
1040,HUYS Laurens,Nice Métropole Côte d'Azur,30
1041,STEIMLE Jannik,,30
1042,BAILEY Zefal Trevor,,30
1043,GAZZOLI Michele,Solution Tech NIPPO Rali,30
1044,HEIDEMANN Miguel,REMBE | rad-net,30
1045,PIETROBON Andrea,Team Polti VisitMalta,30
1046,NUHA Blerton,,30
1047,PAQUOT Tom,,30
1048,TU Sergio,Astemo Utsunomiya Blitzen,30
1049,ALIYARI Aidin,Shenzhen Kung Cycling Team,30
1050,BONIFACE Lucas,Charvieu Chavagneux Isère Cyclisme,30
1051,KAGIMU Charles,,30
1052,ROOTKIN-GRAY Jack,,30
1053,POULARD Athit,Roojai Insurance Winspace,30
1054,BUTTIGIEG Aidan,Team Polti VisitMalta,30
1055,MAKATILE Kabelo,,30
1056,RADUNOVIĆ Aleksandar,,30
1057,JAWAID Ali,,30
1058,VEISTROFFER Baptiste,Lotto Intermarché,30
1059,KESSLER Bruno,Tudor Pro Cycling Team U23,30
1060,HAUG Kieran,Modern Adventure Pro Cycling,30
1061,DA CRUZ Nelio,,30
1062,AGRICOLA Danijel,Metec - SOLARWATT p/b Mantel,30
1063,VAN GESTEL Dries,Soudal Quick-Step,29
1064,SOUPE Geoffrey,,29
1065,BRUNNER Eric,Project Echelon Racing,29
1066,REYNDERS Jens,Qatar Pro Team,29
1067,ILIĆ Ognjen,Benotti Berthold,29
1068,REYES Yeison Sebastian,,29
1069,LÓPEZ DE ABETXUKO Andoni,Anicolor / Campicarn,29
1070,ISASA Xabier,Euskaltel - Euskadi,29
1071,BURNETT Josh,Burgos Burpellet BH,29
1072,MESA Santiago,Anicolor / Campicarn,29
1073,ESSABAHY Ibrahim,,29
1074,VERGAERDE Otto,Lidl - Trek,28
1075,BOGDANOVIČS Māris,FNIX - SCOM - Hengxiang Cycling Team,28
1076,ÖRKEN Ahmet,,28
1077,HENAO Sergio,,28
1078,GUÉGAN Maël,CIC Pro Cycling Academy,28
1079,KONIJN Alexander,Nice Métropole Côte d'Azur,28
1080,GEORGE Alfred,Elite Fondations Cycling Team,28
1081,MAHOUDO Nolann,VC Pays de Loudéac,28
1082,KESS Alexandre,Team Lotto Kern-Haus Outlet Montabaur,28
1083,AGOSTINACCHIO Filippo,Biesse - Carrera - Premac,28
1084,VAN DER MEULEN Max,Bahrain - Victorious,28
1085,AMBROSSI Facundo Nicolás,,28
1086,VELIA Olsian,,27
1087,CAHYADI Aiman,,27
1088,LUCCA Riccardo,,27
1089,ABAY Burak,Konya Büyükşehir Belediye Spor,27
1090,WEEMAES Sasha,,27
1091,MORIN Emmanuel,Team Adris-La Crêpe de Brocéliande-BLC,27
1092,DUARTE Emanuel,Credibom / LA Alumínios / Marcos Car,27
1093,SZÓSTKA Paweł,,27
1094,KIM Euro,LX Cycling Team,27
1095,IVANOV Timofei,Wheeltop Rotor Chengdu Team,27
1096,RASENBERG Martijn,Unibet Rose Rockets,27
1097,DINHAM Matthew,Team Picnic PostNL,27
1098,BÉNÉTEAU Lucas,St Michel - Preference Home - Auber93,27
1099,MUÑIZ José Ramón,Canel's - Java,27
1100,MEIN Thomas,,27
1101,GRYGOWSKI Hubert,Mazowsze Serce Polski,27
1102,JOCHUM Ben Felix,Team Lotto Kern-Haus Outlet Montabaur,27
1103,HAUGSTED Conrad,Team ColoQuick,27
1104,GARZÓN Óscar Santiago,,27
1105,BAKER Rowan,Jakroo Handsling Racing,27
1106,LE GAC Olivier,Groupama - FDJ United,26
1107,KERCKHAERT Jochem,BEAT Cycling Club,26
1108,PAJUR Markus,FNIX - SCOM - Hengxiang Cycling Team,26
1109,BULUT Samet,MBB Continental Cycling Team,26
1110,REEMEIJER Niels,Wielerploeg Groot Amsterdam,26
1111,LEDESMA Gerard,VC Fukuoka,26
1112,HIRT Jan,NSN Cycling Team,25
1113,GROSU Eduard-Michael,FNIX - SCOM - Hengxiang Cycling Team,25
1114,SERRY Pieter,,25
1115,LAENGEN Vegard Stake,UAE Team Emirates - XRG,25
1116,PELIKÁN János,Team United Shipping,25
1117,DÁRIO António,Equipa de Ciclismo Inter Clube,25
1118,SWIRBUL Keegan,Efapel Cycling,25
1119,DEBEAUMARCHÉ Nicolas,Cofidis,25
1120,DESAL Ceriel,Soudal Quick-Step Devo Team,25
1121,MARIS Elias,Team Flanders - Baloise,25
1122,STAMPE Daniel,BHS - PL Beton Bornholm,25
1123,KUYPERS Gerben,,25
1124,BORSTELMANN John,,25
1125,AGNOLETTO Blake,Groupama-FDJ United CT,25
1126,PICIU Mattew-Denis,,25
1127,ROJAS Brandon Alejandro,GW Erco SportFitness,25
1128,PEDERSEN Henrik,Uno-X Mobility,25
1129,TUCKWELL Luke,Red Bull - BORA - hansgrohe,25
1130,MÜLLER Tobias,Unibet Rose Rockets,25
1131,KOECH Silas,Team Lotto Kern-Haus Outlet Montabaur,25
1132,GONZALEZ Jyven,L39ION of Los Angeles,25
1133,JONKMANS Tom,Wielerploeg Groot Amsterdam,25
1134,ROJAS Vicente,Bardiani CSF 7 Saber,25
1135,MAROLT Jaka,Factor Racing,25
1136,GIRMAY Mewael,Istanbul Team,25
1137,STOYNEV Emil,,25
1138,RAMSAY Andrew,,25
1139,AZIZ Mohab Youssef,,25
1140,BOULET Eliott,Groupama-FDJ United CT,25
1141,MANDIN MEDINA Yunior Brayan,,25
1142,EEFTING-BLOEM Roy,,24
1143,JAKOBSEN Fabio,Team Picnic PostNL,24
1144,WIJFJE Tom,Universe Cycling Team,24
1145,CAMPBELL Akill,,24
1146,ED DOGHMY Achraf,Qatar Pro Team,24
1147,WALLENBORN Arno,Team Lotto Kern-Haus Outlet Montabaur,24
1148,LANDBO Mads,Team ColoQuick,24
1149,MILAN Matteo,Groupama - FDJ United,24
1150,GONZELI Otavio Augusto,,24
1151,HAUGLAND Kasper,Decathlon CMA CGM Development Team,24
1152,BORGO Alessandro,Bahrain - Victorious,24
1153,RODRIGUEZ Juan Felipe,EF Education - Aevolo,24
1154,BOMFIM DE ALMEIDA Luiz Fernando,,24
1155,GRANADOS Alejandro,Colono Bikestation Kölbi,24
1156,OYOLA Róbigzon Leandro,Team Medellín - EPM,23
1157,CARSTENSEN Lucas,Kinan Racing Team,23
1158,BUDDING Martijn,,23
1159,PAWLAK Tobiasz,ATT Investments,23
1160,BORTOLUZZI Giovanni,General Store - Essegibi - F.Lli Curia,23
1161,DONZÉ Robin,Tudor Pro Cycling Team,23
1162,CONFORTI Lorenzo,Bardiani CSF 7 Saber,23
1163,GUTIERREZ Carlos Alberto,,23
1164,PEACE Oliver,Team Picnic PostNL,23
1165,DE FABRITIIS Gabriele,Gragnano Sporting Club,23
1166,PATTINSON Tomos,EF Education - Aevolo,23
1167,ØXENBERG Peter,INEOS Grenadiers,23
1168,MÉNDEZ Diego Alejandro,,23
1169,KAM Chin Pok,China Anta - Mentech Cycling Team,23
1170,ABDURRAHMAN Muhammad,Jakarta Pro Cycling Team,22
1171,YEO Boon Kiak,,22
1172,NUNES Hugo,Credibom / LA Alumínios / Marcos Car,22
1173,EL ARBAOUI Adil,,22
1174,NGUYỄN Tuấn Vũ,,22
1175,RETAILLEAU Valentin,TotalEnergies,22
1176,IMAMURA Shunsuke,Lotto - Groupe Wanty,22
1177,GONZÁLEZ Abner,Illes Balears Arabay,22
1178,KLOPPENBORG Lukas Sulaj,,22
1179,MARTINELLI Alessio,Bardiani CSF 7 Saber,22
1180,ROSSI João Pedro,,22
1181,CLASSEN Caleb,Project Echelon Racing,22
1182,TAMM Lauri,Charvieu Chavagneux Isère Cyclisme,22
1183,PAJUR Romet,Red Bull - BORA - hansgrohe Rookies,22
1184,DODD Matthew,INEOS Grenadiers Racing Academy,22
1185,YILMAZ Ramazan,Konya Büyükşehir Belediye Spor,22
1186,TREPTE Liam,,22
1187,KUROEDA Shiki,,21
1188,RODAS Manuel,,21
1189,BONILLA Daniel Andres,,21
1190,VAN SINTMAARTENSDIJK Daan,BEAT Cycling Club,21
1191,MACLEOD Callum,,21
1192,CALZONI Walter,Pinarello Q36.5 Pro Cycling Team,21
1193,MOYATA Eduardo,Pío Rico Cycling Team,21
1194,OLIVER Ben,Modern Adventure Pro Cycling,21
1195,CHAVARRIA Derrick,China Chermin Cycling Team,21
1196,HOFBAUER Philipp,Team Vorarlberg,21
1197,RAWENDE Moucaila,,21
1198,ALUSTIZA Nicolás,Euskaltel - Euskadi,21
1199,MASCIARELLI Lorenzo,MBH Bank CSB Telecom Fort,21
1200,GOJKOVIĆ Nicolas,,21
1201,CHRISTIAN Sean,Modern Adventure Pro Cycling,21
1202,AGUILAR Luis,,21
1203,VEDEL Gabin,Convergence SC Abymienne Propreté 2000,21
1204,VANHUFFEL Matteo,Development Team Picnic PostNL,21
1205,MIENTKI Kacper,,21
1206,TORRES Albert,Movistar Team,20
1207,WOUTERS Rutger,K.O.F.M. x Thielemans - Bildin - Van Eyck Sport Cycling Team,20
1208,DE MARCHI Alessandro,,20
1209,ARCAS Jorge,Movistar Team,20
1210,STOCKMAN Abram,Unibet Rose Rockets,20
1211,WHITEHOUSE Daniel,St George Continental Cycling Team,20
1212,LEWIS Adam,APS Pro Cycling by Team Cadence Cyclery,20
1213,CONCA Filippo,Team Jayco AlUla,20
1214,FROIDEVAUX Robin,Tudor Pro Cycling Team,20
1215,OCAMPO Victor,Team Medellín - EPM,20
1216,BALMER Alexandre,Solution Tech NIPPO Rali,20
1217,KAŠKO Dávid,Dukla Banska Bystrica,20
1218,NG Pak Hang,HKSI Pro Cycling Team,20
1219,SANTY Arne,Tarteletto - Isorex,20
1220,HEMING Miká,ATT Investments,20
1221,VANDENSTORME Dylan,Team Flanders - Baloise,20
1222,DEMAN Brem,Team Flanders - Baloise,20
1223,DOLVEN Halvor,Lotto - Groupe Wanty,20
1224,FONSECA DA SILVA FREITAS Kacio,,20
1225,SMITHSON Jed,Hagens Berman Jayco,20
1226,CAPRA Thomas,Bahrain Victorious Development Team,20
1227,GIAIMI Luca,UAE Team Emirates Gen Z,20
1228,WATANABE Ikki,,20
1229,DUNWOODY Seth,Bahrain Victorious Development Team,20
1230,BEHRENS Niklas,Team Visma | Lease a Bike,20
1231,TRILLAT Jose,,20
1232,QUINTERO Juan Diego,Petrolike,20
1233,CARDIS Romain,St Michel - Preference Home - Auber93,19
1234,KUKRLE Michael,Kasper crypto4me,19
1235,NOLDE Tobias,Team Vorarlberg,19
1236,GERMOSO Rudy,,19
1237,RÖBER Dominik,Team Vorarlberg,19
1238,UGA Ryuki,Kinan Racing Team,19
1239,CHU Tsun Wai,HKSI Pro Cycling Team,19
1240,RODRÍGUEZ Diego Leonel,,19
1241,MUHOZA Eric,,19
1242,DEWEIRDT Siebe,Team Flanders - Baloise,19
1243,GALIMBERTI Lorenzo,Swatt Club,19
1244,ŘEHA Filip,ATT Investments,19
1245,PIRA Yesid Albeiro,Hino One La Red Suzuki,19
1246,SANLAVILLE Mathias,CIC Pro Cycling Academy,19
1247,LI Yuheng,China Anta - Mentech Cycling Team,19
1248,ROGERS Cameron,INEOS Grenadiers Racing Academy,19
1249,TVEDT Ulrik,Development Team Picnic PostNL,19
1250,DUNHAM Ethan,APS Pro Cycling by Team Cadence Cyclery,19
1251,DORUSSEN Johan,Metec - SOLARWATT p/b Mantel,19
1252,DE CEUSTER Milan,Development Team Picnic PostNL,19
1253,MORGAN Edward,CC Villeneuve Saint Germain,19
1254,MERLÖV Ville,BHS - PL Beton Bornholm,19
1255,DELGADO Ricardo,,19
1256,SOLEN Keije,Lotto - Groupe Wanty,19
1257,LIM Jongwon,LX Cycling Team,19
1258,FRISON Frederik,Pinarello Q36.5 Pro Cycling Team,18
1259,GIBBONS Ryan,Fly Cool Collective,18
1260,KLARIS Magnus Bak,AIRTOX - Carl Ras,18
1261,PAREDES Anderson Timoteo,,18
1262,WIRTGEN Luc,Tudor Pro Cycling Team,18
1263,MUÑOZ Cristian Camilo,,18
1264,MEREDITH Charlie,,18
1265,LÓPEZ Robinson Fabián,,18
1266,CAPRON Rémi,Van Rysel Roubaix,18
1267,ĐURIĆ Đorđe,Solution Tech NIPPO Rali,18
1268,CANTONI Andrea,Mg.K Vis Costruzioni e Ambiente,18
1269,ESPINOSA Bolivar,,18
1270,HOOGENDOORN Roy,Metec - SOLARWATT p/b Mantel,18
1271,ROUFFAER Lars,EEW-VDK Cyclingteam,18
1272,ZACHAR Sebastian Bruno,,18
1273,BELLETTA Dario Igor,Team Polti VisitMalta,18
1274,DUBA Maxime,Parkhotel Valkenburg,18
1275,VAN BYLEN Liam,Decathlon CMA CGM Development Team,18
1276,LEIDERT Louis,Lidl - Trek Future Racing,18
1277,ZABELINSKIY Bogdan,,18
1278,LIM Nash,Factor Racing,18
1279,THALMANN Roland,Tudor Pro Cycling Team,17
1280,FREYER Martin,,17
1281,BUSTAMANTE Adrián,GI Group Holding - Simoldes - UDO,17
1282,HERREGODTS Rune,UAE Team Emirates - XRG,17
1283,PHONASA Thavone,,17
1284,MANSOURI Hamza,,17
1285,FORSSELL Hugo,,17
1286,STEWART Campbell,,17
1287,GIL Angel Alexander,GW Erco SportFitness,17
1288,MOHD ZARIFF Muhammad Nur Aiman,Terengganu Cycling Team,17
1289,MAHLANGU Thokozani,Tshenolo Pro Cycling Team,17
1290,TOSCANO Bill Janz,,17
1291,MIAO Chengshuo,Camp Cycling Team,17
1292,PETTITI Nicolò,Swatt Club,17
1293,GARCÍA José María,Illes Balears Arabay,17
1294,ANTROBUS Lucky,,17
1295,JÓNSSON Davíð,Team Cranks,17
1296,SVRČEK Martin,Soudal Quick-Step,17
1297,RENARD-HAQUIN Henri-François,Team Picnic PostNL,17
1298,VILORIA Enmanuel David,,17
1299,HEFFERNAN William,CCACHE x BODYWRAP,17
1300,TUYIZERE Etienne,,17
1301,MEMEDI Memet,,17
1302,BLEDDYN Oliver,Team Brennan,17
1303,RAKAOTA Khotsofalang,,17
1304,BÁRÐARSON Þorsteinn,,17
1305,FRANCISCO Jude Gabriel,Victoria Sports Pro Cycling,17
1306,SMITH Calvin,,17
1307,JONES Barry,,17
1308,PERON Andrea,Team Novo Nordisk,16
1309,SBARAGLI Kristian,,16
1310,RIVEROS Francisco Daniel,,16
1311,EL KOURAJI Mohcine,,16
1312,PERSICO Davide,MBH Bank CSB Telecom Fort,16
1313,BONNET Thomas,TotalEnergies,16
1314,TAILLANDIER Axel,,16
1315,SCHULTZ Elliot,Victoire Hiroshima,16
1316,LÓPEZ Luis Fernando Enrique,,16
1317,MARTIN David,,16
1318,GARCIA Erlin Antonio,,16
1319,ROTA Raúl,Illes Balears Arabay,16
1320,ARRIOLABENGOA Julen,Caja Rural - Seguros RGA,16
1321,MAGLI Lorenzo,Team Hopplà,16
1322,POLLEFLIET Gianluca,Decathlon CMA CGM Team,16
1323,MACKIE Ewan,,16
1324,ŠTAJNAR Mihael,,16
1325,DRAKOS Nikolaos Michail,Team United Shipping,16
1326,RETEGI Mikel,Equipo Kern Pharma,16
1327,SVARRE Tobias,Uno-X Mobility,16
1328,CRAUSE Pedri,,16
1329,ZIPPAN Nicolas,,16
1330,BUCK JONES Huw,Bourg-en-Bresse Ain Cyclisme,16
1331,SAENTA Tanawat,Roojai Insurance Winspace,16
1332,KÜÜT Oskar,Quick Pro Team,16
1333,MÄEUIBO Markus,Charvieu Chavagneux Isère Cyclisme,16
1334,CHOFOR Fabrice,,16
1335,FAYOLLE Jean-Loup,CIC Pro Cycling Academy,16
1336,NESPOLI Lorenzo,MBH Bank CSB Telecom Fort,16
1337,TISSIÈRES Arnaud,Elite Fondations Cycling Team,16
1338,SHUMBA Rodrick,,16
1339,ZOMERMAAND Jurgen,Development Team Picnic PostNL,16
1340,VAN GILS Lucas,Lotto - Groupe Wanty,16
1341,CHRISTOPHER Darel,,15
1342,PETROVSKI Stefan,,15
1343,CHOE Hyeong Min,,15
1344,BRIDGES Jyme,,15
1345,MARSH Robert,,15
1346,RUIZ Juan José,,15
1347,FRAILE Omar,,15
1348,SCHWARZMANN Michael,,15
1349,DECLERCQ Tim,,15
1350,PETIT Adrien,,15
1351,GRELLIER Fabien,TotalEnergies,15
1352,MOW Ching Yin,HKSI Pro Cycling Team,15
1353,KOBAYASHI Marino,,15
1354,ARIYAN Behnam,,15
1355,JOHN Naveen,,15
1356,SÁNCHEZ Brayan,Team Medellín - EPM,15
1357,DIMA Emil,,15
1358,HORVAT Robert,,15
1359,GONZALES Freddy,,15
1360,RUDYK Bartosz,,15
1361,KANEKO Sohei,,15
1362,ERIKSSON Jacob,Tudor Pro Cycling Team,15
1363,HOLLMANN Juri,,15
1364,VANDEBOSCH Toon,,15
1365,STOJNIĆ Veljko,Team United Shipping,15
1366,MATTHEWS Daniyal,,15
1367,RODRÍGUEZ Óscar,INEOS Grenadiers,15
1368,HVIDEBERG Jonas Hem,Uno-X Mobility,15
1369,GAZE Samuel,,15
1370,SMIRNOV Ivan,,15
1371,VANDEPUTTE Niels,Alpecin-Premier Tech Development Team,15
1372,KELEMEN Petr,Tudor Pro Cycling Team,15
1373,PARRAVANO Francesco,Mg.K Vis Costruzioni e Ambiente,15
1374,MAKOGON Vladyslav,,15
1375,LARSEN Trond,,15
1376,TORRES Edgar Geovanny,Hino One La Red Suzuki,15
1377,APPEL Stijn,BEAT Cycling Club,15
1378,ÓMARSSON Ingvar,,15
1379,SOULAMA Daouda,,15
1380,KUERE NOUNAWE Rodrigue Eric,,15
1381,TESTORI Michael,,15
1382,RUIZ Robinson Steven,,15
1383,LAZKANO Oier,,15
1384,NKUNDABERA Eric,,15
1385,ABREHA Negasi Haylu,Vega - Vitalcare - Dynatek,15
1386,KINGSTON Matthew,Mg.K Vis Costruzioni e Ambiente,15
1387,WAFLER Tim,,15
1388,WINKLER Oskar Ulrik,STARK - Peter Ellegaard Track Team powered by SANA,15
1389,LIM Zhen Yu Darren,,15
1390,MARTE Jesus Roniel,,15
1391,OBANDO Bryan Raul,GW Erco SportFitness,15
1392,ZAPATA CORDOBA Gregory Santiago,Team Winston Salem - Flow,15
1393,SCHMITZ Campo,,15
1394,UZUN Emir,,15
1395,MOLDANSKY Gerhard-Cristin,MENtoRISE Teem CCN,15
1396,XUE Ming,Li Ning Star,15
1397,PALZER Anton,,15
1398,ACUÑA Carlos Sebastian,,15
1399,FAURE PROST Alexy,Team Picnic PostNL,15
1400,BAKSAAS Morthen Wang,Lucky Sport Cycling Team,15
1401,BRÉANT Romain,AC Bisontine,15
1402,SISIMITH Eli Alejandro,,15
1403,PALASHEV Borislav,,15
1404,JELE Kwanele,,15
1405,BARON Kohath,,15
1406,GIMENO Nil,Equipo Kern Pharma,15
1407,TAKHIROV Diyor,,15
1408,ALSABBAGH Mohammad,,15
1409,BLAS Blayde,EuroCyclingTrips - CCN,15
1410,AVILA Freddy Alejandro,,15
1411,SIERRA Juan David,Tudor Pro Cycling Team U23,15
1412,ANTONENKO Heorhii,Energus Cycling Team,15
1413,CELESTIN Torea,,15
1414,NASTEVSKI Slobodan,,15
1415,GONÇALVES Hosana,,15
1416,BROOKES Joseph,,15
1417,SINGH Vishavjeet,,15
1418,SAVEKIN Ilya,,15
1419,VAN HERK Bram,,15
1420,BODDEN Christopher,,15
1421,RAUF Abdul Rauf Ahmed Abdul,,15
1422,HAILEMARYAM Gereziher Geremedhin,,15
1423,SHAPILOV Artem,Lokomotiv Manas,15
1424,MCFARLANE Melvin,,15
1425,DENSLOW Matthew,,15
1426,DE OLIVEIRA Cainã Guimarães,,15
1427,MASUDA Nariyuki,Astemo Utsunomiya Blitzen,14
1428,GÁLVIZ Carlos Johan,,14
1429,ROSTOVTSEV Sergey,Bardiani CSF 7 Saber,14
1430,PHONARJTHAN Patompob,Roojai Insurance Winspace,14
1431,BASEGGIO Matteo,,14
1432,RAUGEL Antoine,Van Rysel Roubaix,14
1433,GIANNOUTSOS Miltiadis,,14
1434,ALBA Juan Diego,,14
1435,CARR Simon,Cofidis,14
1436,GELEIJN Owen,Unibet Rose Rockets,14
1437,GINESTRA Lorenzo,Swatt Club,14
1438,ŽUMER Matic,,14
1439,VANDENBRANDEN Noah,Team Flanders - Baloise,14
1440,BORRESCH Julian,REMBE | rad-net,14
1441,LARSSON David,,14
1442,MAŚLAK Piotr,Voster Team,14
1443,YMERI Albion,,14
1444,ROMERO Jorge,,14
1445,LAZAREVIĆ Miloš,,14
1446,ALIYEV Ruslan,,14
1447,GOMEZ Camilo Andres,GW Erco SportFitness,14
1448,GONÇALVES Diogo,Efapel Cycling,14
1449,VAN DEN BOER Seppe,Tudor Pro Cycling Team U23,14
1450,LOROT Lawrence,,14
1451,DOLJANIN Roko,,14
1452,TALIĆ Kadija,,14
1453,AL MAYYAS Mohammad,,14
1454,SILVA Joaquim,Efapel Cycling,13
1455,BERHANE Natnael,Istanbul Team,13
1456,GOGL Michael,Alpecin-Premier Tech,13
1457,VAN ROOY Kenneth,,13
1458,VILLALOBOS Rodolfo,,13
1459,SAIDI Nassim,,13
1460,VIVIANI Attilio,Solution Tech NIPPO Rali,13
1461,TOUDAL Emil,Team Cranks,13
1462,CAMPOS Francisco,APHotels & Resorts / Tavira / SC Farense,13
1463,CONTTE Tomas,Aviludo - Louletano - Loulé,13
1464,CASTAÑO Sebastián Alexander,Team Sistecredito,13
1465,VERBURG Luke,Parkhotel Valkenburg,13
1466,DABSKI Patryk,Mazowsze Serce Polski,13
1467,BOCHAROV Dmitriy,,13
1468,MATTIO Pietro,Team Visma | Lease a Bike,13
1469,BIEHL Kevin,General Store - Essegibi - F.Lli Curia,13
1470,VAN ZANDEN Otto,Parkhotel Valkenburg,13
1471,AVONDTS Mathis,Parkhotel Valkenburg,13
1472,HICKS Dylan,UN Cycling Team x Pyörävarikko,13
1473,DELLE VEDOVE Alessio,XDS Astana Development Team,13
1474,NGUEGUIM Steve Auriol,,13
1475,KAMBERAJ Valentino,Team Skyline,13
1476,JU Jinyang,,13
1477,FIETZKE Paul,Red Bull - BORA - hansgrohe Rookies,13
1478,WRIGHT Owen,Canel's - Java,13
1479,WU Chun Yin,HKSI Pro Cycling Team,13
1480,CEROVIĆ Goran,,12
1481,MATUTE Fredd,,12
1482,FRAYRE Eder,,12
1483,SALEH Mohd Harrif,,12
1484,YAMAMOTO Genki,Kinan Racing Team,12
1485,MAŁECKI Kamil,Pinarello Q36.5 Pro Cycling Team,12
1486,HÄNNINEN Jaakko,Nice Métropole Côte d'Azur,12
1487,BOLOR-ERDENE Enkhtaivan,Huansheng - Vonoa - Taishan Sport Team,12
1488,HUERA Richard,Movistar Best PC,12
1489,MANIZABAYO Eric,,12
1490,MIFSUD Andrea,Team Polti VisitMalta,12
1491,TABELLION Valentin,AVC Aix Provence Dole,12
1492,HUYET Baptiste,BIKE AID,12
1493,VANGHELUWE Warre,Soudal Quick-Step,12
1494,LI Ting Wei,Roojai Insurance Winspace,12
1495,TENDON Arnaud,Van Rysel Roubaix,12
1496,PALOMBA Marco,S.C. Padovani Polo Cherry Bank,12
1497,DIVNIĆ Jovan,,12
1498,PLAMONDON Joel,Charvieu Chavagneux Isère Cyclisme,12
1499,LITLERE Sverre,Run & Race - Solarpur,12
1500,LOZANO Juan Pedro,Terengganu Cycling Team,12
1501,JEAN Victor,Elite Fondations Cycling Team,12
1502,MONGES Jonathan Daniel,,12
1503,LANGE Tyler,,12
1504,VAN NIEKERK Emile,Tshenolo Pro Cycling Team,12
1505,EUGENIO Yonathan Miguel,,12
1506,MÜLLER Jonas,,12
1507,GOYO Jesus Miguel,Fina Arroz CES Multimarcas Bancamiga,12
1508,PRIETO José Antonio,Petrolike,12
1509,VARGAS Dixon,,12
1510,PUTZ Sebastian,Red Bull - BORA - hansgrohe Rookies,12
1511,GAUTHIER Jérôme,Project Echelon Racing,12
1512,AMBROSINI Matteo,MBH Bank CSB Telecom Fort,12
1513,FOUCHER Esteban,Groupama-FDJ United CT,12
1514,CATTANI Alessandro,Team Technipes #inEmiliaRomagna Caffè Borbone,12
1515,DONAIRE Alexander Jhunior,,12
1516,YAMEOGO Saturnin,,12
1517,BEULKER Justus,,12
1518,LOPES Rúben,,12
1519,VALJAVEC Erazem,Soudal Quick-Step Devo Team,12
1520,TAKÁCS Zsombor Tamás,MBH Bank CSB Telecom Fort,12
1521,KASTRATI Albion,,12
1522,FANTINI Christian,Solme - Olmo,12
1523,FAROOQ Umar,,12
1524,ALREJJAL Mo'men,,12
1525,BATMUNKH Maral-Erdene,Roojai Insurance Winspace,11
1526,MANCEBO Francisco,Pingtan International Tourism Island Cycling Team,11
1527,HUPPERTZ Joshua,Team Lotto Kern-Haus Outlet Montabaur,11
1528,FISCHER Robin,,11
1529,MONTERROSO Dorian,Hino One La Red Suzuki,11
1530,LECROQ Jérémy,St Michel - Preference Home - Auber93,11
1531,MEO Felix James,Solution Tech NIPPO Rali,11
1532,GERVAIS Laurent,Project Echelon Racing,11
1533,ABDUL HALIL Mohamad Izzat Hilmi,,11
1534,VARELA Leandro,,11
1535,RAHIL Zouhair,Sidi Ali - Unlock Sports Team,11
1536,HARO Wilson Steven,,11
1537,STITES Tyler,Modern Adventure Pro Cycling,11
1538,AGROTIS Alexandros,,11
1539,MARUKHIN Daniil,,11
1540,WOOD Harrison,Feirense - Beeceler,11
1541,NGWATA Boniface Simon,,11
1542,AUTRAN José Eduardo,,11
1543,LEAL Tiago,Efapel Cycling,11
1544,GUDNITZ Joshua,Team ColoQuick,11
1545,PAREJA Nichol Blanca,Victoria Sports Pro Cycling,11
1546,FERNÁNDEZ Sinuhé,Burgos Burpellet BH,11
1547,RAMÍREZ Joseph Gerardo,,11
1548,SUTTON Louis,Euskaltel - Euskadi,11
1549,JØRGENSEN Mads Schulz,BHS - PL Beton Bornholm,11
1550,WALTON Jonas,CIC Pro Cycling Academy,11
1551,BERHANE Hebron,,11
1552,CALDERÓN Sebastian,,11
1553,GRISEL Matys,Lotto Intermarché,11
1554,MENSAH Ezer,,11
1555,STELLA Davide,UAE Team Emirates Gen Z,11
1556,NEAVES Jadian,,11
1557,MAESTRE Winston,Caja Rural - Alea,11
1558,GUDIŠKIS Eimantas,,10
1559,EARLE Nathan,,10
1560,CISSÉ Isiaka,,10
1561,PUCCIO Salvatore,,10
1562,FROOME Chris,,10
1563,TESHOME HAGOS Meron,,10
1564,NOVOA Leonidas Sebastián,,10
1565,CARTHY Hugh,,10
1566,KRUGER Casper,,10
1567,GARAVAGLIA Giacomo,Swatt Club,10
1568,WILLIAMS Stephen,NSN Cycling Team,10
1569,GOEMAN Jonas,K.O.F.M. x Thielemans - Bildin - Van Eyck Sport Cycling Team,10
1570,JURADO Christofer Robín,,10
1571,LIU Jiankun,,10
1572,WELTEN Bram,Team Picnic PostNL,10
1573,WAIS Ahmad Badreddin,,10
1574,PINTO Luis,,10
1575,DIARRA Siriki,,10
1576,VASQUEZ Adolfo,Hino One La Red Suzuki,10
1577,MUZI Shabangu,,10
1578,QUIROZ Oscar,,10
1579,PAPANOV Martin,,10
1580,SILLANKORVA Jaakko,UN Cycling Team x Pyörävarikko,10
1581,JOHN Briton,,10
1582,DAUMONT Paul,Convergence SC Abymienne Propreté 2000,10
1583,MAHER Habouriya,,10
1584,GERITS Vince,Baloise Verzekeringen - Het Poetsbureau Lions,10
1585,VAN DE WYNKELE Lorenz,Lotto - Groupe Wanty,10
1586,POLANCO Steven,,10
1587,CHIQUITO Wagner,,10
1588,SOWOU Rémi,,10
1589,PINTO Pedro,Efapel Cycling,10
1590,LUCERO Jericho,Go For Gold Philippines,10
1591,VAN BELLE Loe,Team Visma | Lease a Bike,10
1592,MULAGALEYEV Vladimir,,10
1593,MEDEIROS João,Credibom / LA Alumínios / Marcos Car,10
1594,WYSEURE Joran,Alpecin-Premier Tech Development Team,10
1595,NDUNGU Edwin,,10
1596,CHAVES Jhonatan Stiven,,10
1597,REMKHE Andrey,,10
1598,IACOMONI Federico,Team UKYO,10
1599,VAN BEKKUM Darren,XDS Astana Team,10
1600,BIAGINI Federico,,10
1601,GEERAERTS Ferre,Team Flanders - Baloise,10
1602,KIM Jinwoong,,10
1603,BROWNING Fergus,Terengganu Cycling Team,10
1604,SHARIF Hassan Adinan,,10
1605,SSEKANWAGI Jordan Schleck,,10
1606,OINGERANG Edward,EuroCyclingTrips - CCN,10
1607,GRENAAE Alfred,General Store - Essegibi - F.Lli Curia,10
1608,CASTILLO Kevin David,Orgullo Paisa,10
1609,MENGHINI Alessio,Team Technipes #inEmiliaRomagna Caffè Borbone,10
1610,DHONDT Robbe,Team Picnic PostNL,10
1611,MÜNZER Jan,MaxSolar - Raymon,10
1612,ALSABBAGH Ali Humaid,,10
1613,BUTA Catalin,MENtoRISE Teem CCN,10
1614,TONG Khoon Fung Thomas,,10
1615,MEDWAY Jackson,Tudor Pro Cycling Team U23,10
1616,GOLLIKER Joshua,EF Education - Aevolo,10
1617,JØLVING Otto Schultz,Team ColoQuick,10
1618,DELGADO David,,10
1619,DIALLO Diantouba,,10
1620,BOYLE Evan,Team Winston Salem - Flow,10
1621,NGENDAHAYO Jeremie,,10
1622,SCHEMBRI Jacob,,10
1623,HYSA Henri,Cyklotym Havířov - Tirana,10
1624,ASCOTT George,,10
1625,SUPAN Aphisit,Thailand Continental Cycling Team,10
1626,GARCIA Estiven,Team Sistecredito,10
1627,NAVAS Kevin,Movistar Best PC,10
1628,CARCAMO Diego,,10
1629,VATAN Amir Hossein,,10
1630,HOVORUN Mykola,,10
1631,CHEANG Shing Hei,,10
1632,SANCHO José Pablo,,10
1633,JULAJUJ Alex Rony,,10
1634,AKPABLI Victor,,10
1635,MAHMUTOVIĆ Amir,,10
1636,HOULDER Amede,,10
1637,KUMAR Niraj,,10
1638,KAMOLOV Avazbek,,10
1639,FARFAN Sergio,,10
1640,WHITTAKER Alexander,,10
1641,GREEN Essiel,,10
1642,GOFF Sharney,,10
1643,DAHALANI Abderemane,,10
1644,CÁ Apolinário,,10
1645,EDWARD Jalal,,10
1646,MUT Dictor,,10
1647,JALLOH Ibrahim,,10
1648,CISSÉ Cheikhouna,,10
1649,NGO Van Phuong,,10
1650,SÁNCHEZ Ángel,Tavfer-Ovos Matinados-Mortágua,9
1651,CARVALHO Rui,GI Group Holding - Simoldes - UDO,9
1652,IRIBE Shotaro,,9
1653,WALTERS Sydney,,9
1654,PLUTO Mārtiņš,Energus Cycling Team,9
1655,ADAMIETZ Johannes,REMBE | rad-net,9
1656,GORM ALBRECHTSEN Christian,CeramicSpeed Racing p/b Aros Forsikring,9
1657,MONTENEGRO Santiago,Movistar Best PC,9
1658,MAHROUG Kamal,,9
1659,PRONSKIY Daniil,,9
1660,STIJGER Frank,,9
1661,SILVA Afonso,APHotels & Resorts / Tavira / SC Farense,9
1662,MALMBERG Matias,DBC Ballerup,9
1663,NENCINI Tommaso,Solution Tech NIPPO Rali,9
1664,JOO Daeyeong,,9
1665,CLYNHENS Toon,,9
1666,TENG Geng,,9
1667,THEILER Ole,REMBE | rad-net,9
1668,AHLSSON Jonathan,,9
1669,TODOME Yuhi,Aisan Racing Team,9
1670,PETROV Yordan,,9
1671,DORN Vinzent,,9
1672,METZGER Gabriel,,9
1673,VANDEN HEEDE Lars,Soudal Quick-Step Devo Team,9
1674,DARBELLAY Valentin,Elite Fondations Cycling Team,9
1675,LEMPE Motlatsi,,9
1676,SCHOOFS Jasper,Soudal Quick-Step Devo Team,9
1677,ABDELWAHAB Nurahmed,,9
1678,LE NY Benjamin,Team Madras Capesterre Belle-Eau,9
1679,ATTAI Corneil Kokou,,9
1680,XU Shi Ru,,9
1681,CAMILLERI John,,9
1682,JERVIS Amory,,9
1683,DEL PINO Jesus,Aviludo - Louletano - Loulé,8
1684,NISU Oskar,China Anta - Mentech Cycling Team,8
1685,BOROŠ Michael,Kasper crypto4me,8
1686,FORSTER Lars,,8
1687,LEBAS Thomas,Kinan Racing Team,8
1688,GESBERT Élie,,8
1689,HENAO Sebastián,,8
1690,STRAVERS Jarri,Universe Cycling Team,8
1691,CARDONA Julián,,8
1692,VAN DER TUUK Danny,Euskaltel - Euskadi,8
1693,TIENTCHEU Michel Boris,,8
1694,LEAÇA Gonçalo,Credibom / LA Alumínios / Marcos Car,8
1695,LAGNET Gari,,8
1696,HILLEN Michiel,Baloise Verzekeringen - Het Poetsbureau Lions,8
1697,KOSTAŃSKI Mateusz,Wibatech Lubelskie Perła Polski,8
1698,IDERBOLD Bold,,8
1699,SCALA Hugo,Modern Adventure Pro Cycling,8
1700,GUZZO Federico,,8
1701,MERIS Sergio,Unibet Rose Rockets,8
1702,MOYANO Tomás,,8
1703,KÄLLBERG Axel,Lucky Sport Cycling Team,8
1704,EMİŞCİ Ferhat,,8
1705,BONILLO Iker,Feira dos Sofás - Boavista,8
1706,AUS Aaron,Quick Pro Team,8
1707,AZANZA Ibai,Equipo Kern Pharma,8
1708,ARRIGHETTI Nicolò,General Store - Essegibi - F.Lli Curia,8
1709,DRIESEN Niels,Lotto - Groupe Wanty,8
1710,SERVRANCKX Gauthier,Soudal Quick-Step Devo Team,8
1711,RAVBAR Anže,Factor Racing,8
1712,ZAHÁLKA Štěpán,Kasper crypto4me,8
1713,PASCUAL Joshua,,8
1714,LEMES Bruno Martins,,8
1715,CABRAL Helker,,8
1716,CHOI Heng Wa,,7
1717,ASCONEGUY Roderyck,,7
1718,THIRÉ Jonathan,,7
1719,HAVIK Yoeri,EEW-VDK Cyclingteam,7
1720,SOHRABI Mehdi,,7
1721,VAN SCHIP Jan-Willem,Parkhotel Valkenburg,7
1722,LADNGERN Peerapong,Roojai Insurance Winspace,7
1723,GABORIAUD Guillaume,,7
1724,PETROVSKI Andrej,,7
1725,REYES Elvys Noel,,7
1726,ULLOA José Gerardo,,7
1727,QUISPE Alaín Rossbel,,7
1728,MARTIN Jonathan,EuroCyclingTrips - CCN,7
1729,AZZEM Omar,,7
1730,ALHAMMADI Sultan Hassan,,7
1731,FILUTÁS Viktor,,7
1732,BÄCKMAN Anders,,7
1733,SMALL Russell,,7
1734,GOHR Andre  Eduardo,,7
1735,AHMAD Muhammad Ameer,,7
1736,SUTER Joel,Tudor Pro Cycling Team,7
1737,TORRES Edwin Yair,,7
1738,BEN AMOR Nadhem,,7
1739,MCDUNPHY Conn,APS Pro Cycling by Team Cadence Cyclery,7
1740,KAZAMA Shoma,Shimano Racing Team,7
1741,BEZZA Quentin,SCO Dijon Team Matériel-Velo.com,7
1742,QUINTEROS Alexis Benjamin,,7
1743,SHAKOTKO Aleksandr,,7
1744,DORENBOS Yanne,Parkhotel Valkenburg,7
1745,KMIELIAUSKAS Rokas,Energus Cycling Team,7
1746,CHIKWAKA Andrew,,7
1747,GEIRSSON Hafsteinn Ægir,,7
1748,KONE Souleymane,,7
1749,HOYOS Angel Jesus,Pío Rico Cycling Team,7
1750,ELSENFAWI Ahmed,,7
1751,PEDEN George,,7
1752,RODRIGUEZ Frankel,,7
1753,HO Yen Yi,Equipo Kern Pharma,7
1754,LIANG King Hung,,7
1755,STENSBY Anton,,7
1756,SIMON Semen,,7
1757,GROZEV Gabriel,,7
1758,ZAMPERINI Edoardo,Cofidis,7
1759,BRUNO Andrea Alfio,Team Hopplà,7
1760,KRAMER Jesse,BEAT Cycling Club,7
1761,ERKAN Muhammed,Konya Büyükşehir Belediye Spor,7
1762,LI Zhen,China Anta - Mentech Cycling Team,7
1763,BAKR Mahmoud,,7
1764,LOUBSER Daniel,,7
1765,SIVOK Tomáš,Voster Team,7
1766,RABINAL Darío Emmanuel,,7
1767,DOCKX Aaron,Alpecin-Premier Tech,7
1768,VERBRUGGHE Jens,NSN Development Team,7
1769,ARRIAGADA Cristian,,7
1770,TORNEY Artuur,Team Flanders - Baloise,7
1771,BARON Levi,,7
1772,MAGALHAES Victor,,7
1773,JIMÉNEZ Dylan Roberto,,7
1774,MATOMBÉ Hanson,,7
1775,JANIKULOV Samandar,,7
1776,RAMSAY Noah,Alpecin-Premier Tech Development Team,7
1777,GÓMEZ Fausto Agustin,,7
1778,ACHAS Christodoulos,,7
1779,LORELLO Riccardo,S.C. Padovani Polo Cherry Bank,7
1780,PAVÓN Rubén Sebastián,,7
1781,BORG Luke,,7
1782,LIZARDO Jeremy,,7
1783,CHINGUI Euclides,Equipa de Ciclismo Inter Clube,7
1784,HONG Youngtaek,,7
1785,FRANKS Alex,Jakroo Handsling Racing,7
1786,ANWAR Muhammad Ismail,,7
1787,GONZÁLES Charles,,7
1788,TELEMAQUE Jaheim,,7
1789,SEKHON Harshveer,,7
1790,COSME Leonardo,,7
1791,CASEY Patrick,NSN Development Team,7
1792,SAMBINELLO Enea,UAE Team Emirates Gen Z,7
1793,RADCLIFFE George,Atom 6 Bikes - Cycleur de Luxe - Auto Stroo Continental Team,7
1794,ARIAS Facundo,,7
1795,CÂMPEAN Cătălin-Luca,Team United Shipping,7
1796,DIXON Jaequan,,7
1797,DEL ROSARIO Juan Carlos,,7
1798,MUHAMMAD Shan,,7
1799,ABI MANYU Julian,ASC Monsters Indonesia,7
1800,KLIMAVIČIUS Nikolas,Energus Cycling Team,7
1801,HLADY Gavin,EF Education - Aevolo,7
1802,HOVORUN Bogdan,,7
1803,KAPLAN Emre,,7
1804,MACK Newell,,7
1805,PRECUP Horea-Stefan,,7
1806,MOHAMED ALI Thabet,,7
1807,RIZQI Dimas Nur Fadhil,Jakarta Pro Cycling Team,7
1808,JOHNSON Anders,,7
1809,PATIL Siddhesh,,7
1810,MATKARIMOV Mukhammed Ali,Lokomotiv Manas,7
1811,SHOKO Prince,,7
1812,KOH Dalvin,,7
1813,BRAVO Henrique,Soudal Quick-Step Devo Team,7
1814,AMANIEL Desta,,7
1815,UTKIN Mikhail,,7
1816,VARGAS Leonis,,7
1817,DOUANG-APHAY Khone,,7
1818,BERMOSKY Greg,,7
1819,SANTOS Odilson,Equipa de Ciclismo Inter Clube,7
1820,FAKUDZE Calvin,,7
1821,DE LEÓN Yariel,,6
1822,GIL Gusneiver Jose,,6
1823,MARTINGIL César,Tavfer-Ovos Matinados-Mortágua,6
1824,GOMEZ Luis António,Fina Arroz CES Multimarcas Bancamiga,6
1825,CLARK Boris,Giant Cycling Team,6
1826,JOYA José Dagoberto,,6
1827,HUTCHINGS Oscar,Schils - Doltcini,6
1828,BOUVIER Léo,,6
1829,HOLSTAD Ludvik,Team Ringerike,6
1830,SOWIŃSKI Artur,,6
1831,QUINTERO Leonel,Victoire Hiroshima,6
1832,JAIME Álex,,6
1833,CAROLLO Francesco,Swatt Club,6
1834,JOHNSTON Calum,Li Ning Star,6
1835,PAYDAR SHIRVANEHDEH Sajjad,,6
1836,KOSSOKO Sadikou Jérémie,,6
1837,DUCKERT Roman,,6
1838,SWENNE Delano,VolkerWessels Cycling Team,6
1839,QUARANTA Samuel,Gragnano Sporting Club,6
1840,TASEVSKI Marjan,,6
1841,VĂIDIAN Iustin-Ioan,MENtoRISE Teem CCN,6
1842,WANG Gustav,XDS Astana Development Team,6
1843,MOURIS Wessel,Unibet Rose Rockets,6
1844,HARTEEL Jelle,Tarteletto - Isorex,6
1845,KLISMETS Kārlis,Energus Cycling Team,6
1846,TSEN Ren Bao,St George Continental Cycling Team,6
1847,NIELSEN Max,Lucky Sport Cycling Team,6
1848,GODFROID Olivier,Baloise Verzekeringen - Het Poetsbureau Lions,6
1849,HARDOUIN Louis,Van Rysel Roubaix,6
1850,BROUGH Jack,,6
1851,DIRNBAUER Josef,Hrinkow Advarics,6
1852,URIAN Jose Misael,Team Sistecredito,6
1853,SCHUTTE Ryno,,6
1854,FABRIES Ugo,UAE Team Emirates Gen Z,6
1855,SAIZONOU J. Glorad,,6
1856,GRUSZCZYNSKI Filip,MBH Bank CSB Telecom Fort,6
1857,VAN DEN EIJNDEN Guus,Alpecin-Premier Tech Development Team,6
1858,WOODS Tariq,,6
1859,BRICENO Jaylen,,6
1860,LIM BING YI Eamon,,6
1861,POTUCHA Maciej,,6
1862,GANZABAL Ander,Euskaltel - Euskadi,6
1863,HALTER Nicolas,,6
1864,ORTEGA Juan Pablo,,6
1865,DE CRESPIN DE BILLY Antoine,Team France Défense,6
1866,SOBAL Yauhen,,5
1867,MAIKIN Roman,,5
1868,MARECZKO Jakub,,5
1869,ARNDT Nikias,Bahrain - Victorious,5
1870,PAREDES César Nicolás,Hino One La Red Suzuki,5
1871,VLIEGEN Loïc,,5
1872,JANSEN Amund Grøndahl,,5
1873,SZABO Norbert,,5
1874,AGUIRRE Hernán Ricardo,,5
1875,INKELAAR Kevin,,5
1876,ELOSEGUI Iñigo,Equipo Kern Pharma,5
1877,TOC Fredy Orlando,,5
1878,LE NY Jean-Louis,Veloce Club Rouen 76,5
1879,BABOR Daniel,,5
1880,LARSEN Mathias Alexander Erik,BHS - PL Beton Bornholm,5
1881,STEPANOV Andrei,Wheeltop Rotor Chengdu Team,5
1882,BÁRTA Tomáš,Istanbul Team,5
1883,CHZHAN Igor,Quick Pro Team,5
1884,MOYA Sebastián,,5
1885,WEULINK Meindert,Parkhotel Valkenburg,5
1886,THÉOT Killian,Van Rysel Roubaix,5
1887,DAVIS Cole,,5
1888,DE MEESTER Luca,,5
1889,NASER Ahmed,Bahrain Victorious Development Team,5
1890,CLAEYS Robbe,VolkerWessels Cycling Team,5
1891,GRONDIN Donavan,Veloce Club Rouen 76,5
1892,DENS Tuur,Team Flanders - Baloise,5
1893,URIANSTAD BUGGE Martin,Uno-X Mobility,5
1894,FETTER Erik,Team United Shipping,5
1895,CANASTUJ José David,,5
1896,VANDEVELDE Yentl,Vetrapo B-Close Bal-Enzo Cycling Team,5
1897,TOUMIRE Hugo,,5
1898,KMÍNEK Vojtěch,Burgos Burpellet BH,5
1899,BOVEN Lars,,5
1900,SCHMIDBAUER Maximilian,Schwingshandl Intralogistics,5
1901,PINAZZI Mattia,Bardiani CSF 7 Saber,5
1902,STOCKWELL Oliver,Bahrain - Victorious,5
1903,DIAS Daniel,Tavfer-Ovos Matinados-Mortágua,5
1904,CHANE-FOC Julien,Team Madras Capesterre Belle-Eau,5
1905,MANENTI Marco,Bardiani CSF 7 Saber,5
1906,MENGEL Nikolaj,AIRTOX - Carl Ras,5
1907,PEZZO ROSOLA Kevin,General Store - Essegibi - F.Lli Curia,5
1908,MARCEROU Nicola,TotalEnergies,5
1909,LELANDAIS Rémi,Bourg-en-Bresse Ain Cyclisme,5
1910,JACKSON George,Whoosh - NZ Cycling Project,5
1911,LARMET Ilan,Team Adris-La Crêpe de Brocéliande-BLC,5
1912,GUILLEMETTE Mathias,Tudor Pro Cycling Team U23,5
1913,VERMOOTE Jelle,Tarteletto - Isorex,5
1914,EATHER Kurt,CCACHE x BODYWRAP,5
1915,SHEN Yutao,,5
1916,VANG AAS Eirik,Team Drali - Repsol,5
1917,BEREZNYAK Aleksandr,Wheeltop Rotor Chengdu Team,5
1918,IBÁÑEZ Javier,Caja Rural - Seguros RGA,5
1919,LÓPEZ Joseba,Caja Rural - Seguros RGA,5
1920,PICCINI Mattia,,5
1921,FREYER Philipp,Embrace The World,5
1922,MURPHY Finnegan,Meridian Racing p/b de la Uz,5
1923,MOORE Viggo,Tirol KTM Cycling Team,5
1924,PINZÓN Edgar Andrés,Team Sistecredito,5
1925,KARABUTOV Ilya,,5
1926,MÉNDEZ Arlex José,,5
1927,COLMENARES Jad Sair,,5
1928,BARBAS Rafael,Tavfer-Ovos Matinados-Mortágua,5
1929,LYCHOU Viktor,,5
1930,DE BRUYCKERE Kay,,5
1931,JANSSEN Lucas,Volharding Cycling Team,5
1932,JACOB Philippe,,5
1933,LEDEZMA Jexon,,5
1934,UDAGAWA Rui,Aisan Racing Team,5
1935,ZANINI Simone,XDS Astana Development Team,5
1936,PAIGE Charles,Bourg-en-Bresse Ain Cyclisme,5
1937,MACPHERSON Carlos,,5
1938,VERRANDO Luca,Solution Tech NIPPO Rali,5
1939,ROMIAN Davy,,5
1940,ELGHARYSY Youssef,,5
1941,MUÑOZ Hodei,Soudal Quick-Step Devo Team,5
1942,ESPARZA Fausto,,5
1943,LEWANDOWSKI Dawid,NSN Development Team,5
1944,CABALLERO Michael,,5
1945,ROLANDO Joann,Toscana Factory Devo Team,5
1946,ULLAH Sana,,5
1947,BUENO Alfredo,EF Education - Aevolo,5
1948,DE LUCA Teodor,Lucky Sport Cycling Team,5
1949,LUGTU Mike Piolo,,5
1950,YU Jiaqing,,5
1951,ZHANG Rongqi,China Anta - Mentech Cycling Team,5
1952,LI You,XDS Astana Development Team,5
1953,CHAMAN Lauro Cesar,,4
1954,ZURITA Gilver,,4
1955,STANKOVIĆ Marko,,4
1956,MUDARRA Pablo,,4
1957,HSIAO Shih Hsin,,4
1958,QUAEDVLIEG Lars,Universe Cycling Team,4
1959,MOREY Drew,,4
1960,TUGAWIN Ryan,,4
1961,VALVASORI Larry,AC Bisontine,4
1962,ATENCIO Arquimides,,4
1963,RIOU Alan,Moyon Percy Manche Normandie,4
1964,LAŠINIS Venantas,,4
1965,MONESE Phetetso,,4
1966,CAÑAVERAL Johnatan,,4
1967,SAWADA Toki,Astemo Utsunomiya Blitzen,4
1968,PLAATJIES Brandon,,4
1969,MALDONADO Anderson Samuel,,4
1970,CLAUSS Marc,,4
1971,MOHSIN Khan,,4
1972,ALNAQBI Waleed,,4
1973,VOLKAERT Jonas,,4
1974,ŠTOČEK Matúš,Kasper crypto4me,4
1975,TANI Junsei,Astemo Utsunomiya Blitzen,4
1976,BONNEFOIX Edouard,,4
1977,RIGATTI Tommaso,,4
1978,COOK Leighton,Atom 6 Bikes - Cycleur de Luxe - Auto Stroo Continental Team,4
1979,SCHURAN Michal,Team United Shipping,4
1980,PHODINGAM Sakchai,Grant Thornton Cycling Team,4
1981,FLANAGAN Liam,APS Pro Cycling by Team Cadence Cyclery,4
1982,KIMANI Wangai Evan,,4
1983,ÅRNES Daniel,Van Rysel Roubaix,4
1984,JONSSON Kristinn,,4
1985,DA SILVA SANTOS Vinicius,,4
1986,BRUN Nils,UC Haguenau,4
1987,HA Kieu Tan Dai,,4
1988,LUBEGA Abdbulnoor,,4
1989,MEEUSSEN Witse,Alpecin-Premier Tech Development Team,4
1990,VAN TRICHT Floris,NSN Cycling Team,4
1991,GIRARD Damien,,4
1992,DOMÍNGUEZ David,Feira dos Sofás - Boavista,4
1993,SAM Henry Alberto,,4
1994,JUMCHAT Nattapol,Thailand Continental Cycling Team,4
1995,VIDAURRE Martín,,4
1996,SAUNDERS Tristan,Team Brennan,4
1997,DEBAY Filimon Zerabruk,,4
1998,MACÉ Marius,SCO Dijon Team Matériel-Velo.com,4
1999,DIAZ Adrian Lorenzo,,4
2000,DÍAZ Alex,Caja Rural - Seguros RGA,4
2001,MILLET Hugo,Mayenne-Monbana-Rapido,4
2002,LAURANS Théo,Vélo Club Villefranche Beaujolais,4
2003,ARBOLEDA Anderson,,4
2004,FERREIRA Fernando Andres,,4
2005,BEN AMEUR Hatem,,4
2006,URCEL Damien,Team Madras Capesterre Belle-Eau,4
2007,PIHLJAK Tarik,,4
2008,WEATHERED Sean,,4
2009,SHARPE Cleveland,,4
2010,BERLIN Antoine,,4
2011,BARBOZA Juan Manuel,China Anta - Mentech Cycling Team,4
2012,SØNDERGAARD Oliver,Team Give Steel,4
2013,THOMPSON Gustav,Lucky Sport Cycling Team,4
2014,KAGEVI Carl,Lucky Sport Cycling Team,4
2015,SYDOR Serhii,Huansheng - Vonoa - Taishan Sport Team,4
2016,MARINOV Martin,,4
2017,QUARTERLY Thomas,,4
2018,PICHON Bastien,,4
2019,BENTAL Aviv,,4
2020,MOOLMAN Warren,Fly Cool Collective,4
2021,ALMASHGHOUNI Omar,,4
2022,VALENT Márk,MBH Bank CSB Telecom Fort,4
2023,QUIROZ Heriberto,,4
2024,FERNÁNDEZ GONZÁLEZ Óscar Hernán,,4
2025,BORGSTRÖM Johan,CK Ringen,4
2026,QUINTERO Antoni Samuel,,4
2027,DAŠIĆ Milić,,4
2028,PETERS Delvin,,4
2029,RACCAGNI Gabriele,Team Polti VisitMalta,4
2030,DE MOYER Kenay,,4
2031,GILLET Baptiste,Nice Métropole Côte d'Azur,4
2032,PIAT William,,4
2033,LI Shidong,,4
2034,AWANG ILAH Ahmad Syazrin,Malaysia Pro Cycling,4
2035,GREENWOOD Matthew,CCACHE x BODYWRAP,4
2036,KEY Adrian,,4
2037,VAN DER WERFF Thom,Development Team Picnic PostNL,4
2038,ARSAC Rémi,Decathlon CMA CGM Development Team,4
2039,CHAKAZA Amos,,4
2040,LIMA Daniel,Bourg-en-Bresse Ain Cyclisme,4
2041,HARDING Will,Mg.K Vis Costruzioni e Ambiente,4
2042,MILAKONG Ananxay,,4
2043,CIPOLLINI Edoardo,MBH Bank CSB Telecom Fort,4
2044,CLEMMENSEN Theodor August,Red Bull - BORA - hansgrohe Rookies,4
2045,PERAN Ian,,4
2046,KUMAR Sahil,,4
2047,DOHLER Jack,CCACHE x BODYWRAP,4
2048,DAUMAS Rémi,Groupama-FDJ United CT,4
2049,TRAVELLA Nicholas,Biesse - Carrera - Premac,4
2050,SALAS Josué,,4
2051,RIVERA Loyd Yuan,,4
2052,JAMOLDINOV Alimardon,,4
2053,HERBST Greg,,4
2054,ALPHONSO Von,,4
2055,BOLOGNESI Thomas,Team Technipes #inEmiliaRomagna Caffè Borbone,4
2056,IWAMURA Genji,Toscana Factory Devo Team,4
2057,KELMENDI Agron,,4
2058,LEI Kwok Hung,,4
2059,MARTINEZ Diler,,4
2060,ECHAHED Ahmed,Sidi Ali - Unlock Sports Team,4
2061,CARUANA Andrew,,4
2062,SHELTON Marcis,,4
2063,LEMAIRE Grégoire,,4
2064,DEN OTTER Jesse,Wielerploeg Groot Amsterdam,4
2065,GRÓSZ Gergő,ARBÖ Kärnten Sport Feld am See,4
2066,CABACCANG Brian,,4
2067,MCKENZIE Finn,,4
2068,AYAD Eslam,,4
2069,LOPES LEITAO João Baptista,,4
2070,STEPHAN Carbon,,4
2071,JUMA Yousef,,4
2072,LODIGIANI Valerio,,4
2073,GOOSSENS Simon,Alpecin-Premier Tech Development Team,4
2074,SASSINDA Aguinaldo,,4
2075,MERSEBURG Dominik,Hucare Factory Team,3
2076,BENYOUCEF Abdallah,Mouloudia Club d'Alger,3
2077,VAN DE MIEROOP Sam,Universe Cycling Team,3
2078,HANDGRAAF Sjors,,3
2079,SCHULTING Peter,WV De Hanzerenners,3
2080,CAMPOS Roniel,,3
2081,VAN NIEKERK Morné,St Michel - Preference Home - Auber93,3
2082,NAVARRA Junrey Janjan,,3
2083,CAÑELLAS Xavier,Illes Balears Arabay,3
2084,WILLAERTS Niels,,3
2085,NIJSSEN Kenny,Universe Cycling Team,3
2086,SESSLER Nícolas,Victoria Sports Pro Cycling,3
2087,PERNSTEINER Hermann,,3
2088,MILES Carson,Anicolor / Campicarn,3
2089,JAMAICA Javier Ernesto,,3
2090,DA SILVA Tiano,,3
2091,DUIJVESTEIJN Roy,,3
2092,SALGUEIRO Carlos Miguel,APHotels & Resorts / Tavira / SC Farense,3
2093,VOOGT Niek,Parkhotel Valkenburg,3
2094,KARPENKO Gleb,Quick Pro Team,3
2095,MARIN Julien,AVC Aix Provence Dole,3
2096,SOMMER Jan,Elite Fondations Cycling Team,3
2097,RUIZ Hugo Nestor Emiliano,,3
2098,HANSEN Peter Asbjørn,,3
2099,BLUHM Oscar,Team Give Steel,3
2100,MAGNO RABELO Euller,,3
2101,KARMAZHAKOV Sergey,,3
2102,STENNING Oliver,,3
2103,CABEDO Marc,Natural Greatness - Rali - Alé,3
2104,HARRIS Jonty,,3
2105,MATHIESEN Phillip,,3
2106,ZANGERLE Emanuel,Team Vorarlberg,3
2107,MOONEN Zeno,Tarteletto - Isorex,3
2108,JANSSEN Christoph,Huansheng - Vonoa - Taishan Sport Team,3
2109,SAVIOZ Colin,Unibet Rose Rockets,3
2110,HUNDT August Birk,Team CO:PLAY-Giant Store,3
2111,HELLERUP Malte,Team ColoQuick,3
2112,MAINGUENAUD Lucas,Vélo Club Villefranche Beaujolais,3
2113,ISPACHE Julio Amilcar,,3
2114,MENGS Petros,,3
2115,WANG Kuicheng,Bodywrap LTwoo Cycling Team,3
2116,VAN DER WAL Rik,EEW-VDK Cyclingteam,3
2117,KELLER Paul,,3
2118,DIAZ Christopher Jahir,,3
2119,HAMEL Félix,,3
2120,VALENTI Luke,,3
2121,ALFONSO Antonio,,3
2122,PACHECO Gabriel,,3
2123,LIGHTFOOT Mark,,3
2124,RIŠKA Richard,Hrinkow Advarics,3
2125,FALK PAARUP Jakob,Team CO:PLAY-Giant Store,3
2126,PERRACCHIONE Alessandro,,3
2127,GAILLARD Baptiste,Team Madras Capesterre Belle-Eau,3
2128,VONGDEUANE Thanakone,,3
2129,KELLEY Garin,,3
2130,NEFZI Yassine,,3
2131,VAN STRIJTHEM Matijs,Soudal Quick-Step Devo Team,3
2132,VRIES Lukas,Parkhotel Valkenburg,3
2133,ŠUMPÍK Pavel,Development Team Picnic PostNL,3
2134,ANDERSEN Oscar Aakvist,,3
2135,KIM Jongseok,,3
2136,TOSSAVI Ted,,3
2137,VAN DYCK Wesley,K.O.F.M. x Thielemans - Bildin - Van Eyck Sport Cycling Team,2
2138,BICHLMANN Daniel,Schwingshandl Intralogistics,2
2139,ALVARADO Adrian,,2
2140,FUENTES Yorman,,2
2141,TZORTZAKIS Polychronis,,2
2142,CHAOUFI Tarik,,2
2143,JANG Kyung-Gu,,2
2144,LIPHONGYU Navuti,Thailand Continental Cycling Team,2
2145,MALDONADO Ignacio Raúl,,2
2146,DURÁN Alejandro,,2
2147,CAMINGAO John Mark,,2
2148,TALAČKA Lukas,,2
2149,TOC Gerson,,2
2150,GRYNIV Vitaliy,,2
2151,KIVISTIK Gert,,2
2152,BASSON Gustav,Tshenolo Pro Cycling Team,2
2153,ŤOUPALÍK Adam,Unibet Rose Rockets,2
2154,HAMMERSCHMID Marvin,Schwingshandl Intralogistics,2
2155,BYUKUSENGE Patrick,,2
2156,BURU Temesgen,,2
2157,DE KOE Denzel,,2
2158,RICHARDSON Che'Quan,,2
2159,SIBANDA Mthokozisi,,2
2160,ODA Hijiri,Aisan Racing Team,2
2161,PENG Yuan Tang,,2
2162,LE CUNFF Kévin,,2
2163,GROß Felix,,2
2164,PEÁK Barnabás,MBH Bank CSB Telecom Fort,2
2165,ÖZGÜR Batuhan,Konya Büyükşehir Belediye Spor,2
2166,MARENZI Lorenzo,,2
2167,FLÓREZ Miguel Eduardo,,2
2168,LAO Long San,,2
2169,MASON James Brock,,2
2170,KNOLLE Jon,,2
2171,MUN Yong Liang,,2
2172,BONNICI Mark,,2
2173,MORALES Pedro Pablo,,2
2174,GERAN Ronald,,2
2175,MAINGUENAUD Tom,Nice Métropole Côte d'Azur,2
2176,QUÀNG Văn Cường,,2
2177,LOOHUIS Lars,,2
2178,MARCHUK Dzianis,,2
2179,POPOV Martin,,2
2180,BAVEC Timotej,,2
2181,VILA Emiliano,ASPTT Nancy Meurthe-et-Moselle,2
2182,COLEMAN Zak,,2
2183,SKIVILD Robin Juel,STARK - Peter Ellegaard Track Team powered by SANA,2
2184,RIEGLER Nikolas,,2
2185,HERTZ Benjamin,Team Give Steel,2
2186,BETTENDORFF Loïc,Hrinkow Advarics,2
2187,RIDOLFO Filippo,Team Novo Nordisk,2
2188,GASPARINI Alessio,P.A.S. Ioanninon - P&I,2
2189,KELLY Adam,Campana Imballagi - Morbiato - Trentino,2
2190,BERHE Welay Hagos,,2
2191,NG Sum Lui,,2
2192,RINCON German,,2
2193,LORENZO Randish Abdul,,2
2194,BIN FAISAL Arfan,,2
2195,MESSNER Martin,WSA KTM Graz,2
2196,CAICEDO David Sebastian,,2
2197,TRAPP Eric,,2
2198,WAHHI Muhammad Zahin,,2
2199,PETIT Clément,Veloce Club Rouen 76,2
2200,GOMEZ Nicolas David,GW Erco SportFitness,2
2201,ELSAIFY Hassan,,2
2202,HORNBLOW Keegan,,2
2203,ALONSO Agustín,,2
2204,MOLINA Igor Teodoro,,2
2205,PAVLIDES Konstantinos,,2
2206,SAM Edwin,,2
2207,ŘÍMAN Jakub,ATT Investments,2
2208,VANCHEVSKI Viktor,Cyklotym Havířov - Tirana,2
2209,KLOPPER Christiaan,Tshenolo Pro Cycling Team,2
2210,ARAMAYO Jose Manuel,Pío Rico Cycling Team,2
2211,DE LOS SANTOS GUZMAN Hector,,2
2212,MAULIDAN Muhammad,,2
2213,CANNISTER Goldwynn,,2
2214,BELMANS Lennert,Alpecin-Premier Tech,2
2215,APONIK Dan,EuroCyclingTrips - CCN,2
2216,EGIN Ali,Konya Büyükşehir Belediye Spor,2
2217,GUILLON Célestin,,2
2218,MACHHOLDT Magnus,Team CO:PLAY-Giant Store,2
2219,LUMPAROV Georgi,,2
2220,SĘK Igor,Wibatech Lubelskie Perła Polski,2
2221,ADOMAITIS Rokas,,2
2222,OMAR Muhammad Faiz Fakhri,Malaysia Pro Cycling,2
2223,URI Yonatan,,2
2224,HURTADO Josué Oswaldo,,2
2225,SEKKINY Elyass,,2
2226,AYYORKUN Mustafa,,2
2227,HARASIM Mihnea-Alexandru,Team Skyline,2
2228,KOKAS Raphael,Schwingshandl Intralogistics,2
2229,PLACE Maxence,,2
2230,MICHELS Jente,Alpecin-Premier Tech Development Team,2
2231,RUVALCABA David,,2
2232,CODD Shawn,,2
2233,TOFTEMARK Lucas,AIRTOX - Carl Ras,2
2234,CHRISTENSEN Alfred,Team ColoQuick,2
2235,WĄSOWICZ Kajetan,Mostostal Puławy,2
2236,SCHRAG Daniel,MaxSolar - Raymon,2
2237,BALAJ Mateo,,2
2238,CHARLES Karega,,2
2239,BASARABA Mykhailo,UC Monaco,2
2240,GUNNARSSON Breki,,2
2241,BINAKAJ Valon,,2
2242,ILBOUDO Soumaila,,2
2243,BESSEGA Tommaso,Team Polti VisitMalta,2
2244,BADLIS Slimane,,2
2245,LIRA Juan Cristobal,,2
2246,HUITING Eskil,Sensa - Kanjers voor Kanjers,2
2247,PITA Sebastián Alexander,,2
2248,BOONSTRA Jelle,,2
2249,MORIN Yoan,Bourg-en-Bresse Ain Cyclisme,2
2250,ALTANGEREL Davaajargal,,2
2251,INJYENYER Bilguun,,2
2252,RODRIGUES SILVA Luan Carlos,,2
2253,DJIRE Daouda,,2
2254,GHAVAMI Ramyar,,2
2255,PAEZ Mauricio,,2
2256,VERGOUW Julian,Metec - SOLARWATT p/b Mantel,2
2257,VAN REES Christiaan,Development Team Picnic PostNL,2
2258,TESTSOV Yevhen,,2
2259,DENS Stan,,2
2260,KUMAR Manjeet,,2
2261,DARZI RAMANDI Mohammad,,2
2262,YOUSAF Yousaf,,2
2263,METAWEA Mahmoud,,2
2264,PRIVITERA Samuele,,2
2265,VUERINCKX Thomas,Urbano-Vulsteke-Bumaco Cycling Team,2
2266,BUSTOS Cristian Yesid,,2
2267,PEDERSEN Martin,Lidl - Trek Future Racing,2
2268,MALINEN Sampo,,2
2269,VESLUM Sebastian,Team Drali - Repsol,2
2270,WEMMERS Thijs,,2
2271,MONTI Alberto,ATT Investments,2
2272,BLAZEVIC Jonathan,Cyklotym Havířov - Tirana,2
2273,GEORGE Kirtson,,2
2274,BAILEY Barrington,,2
2275,FUENTES Jose,,2
2276,PANJOJ Adonias Nelson,,2
2277,COLE Owen,Team Winston Salem - Flow,2
2278,PAGARA Alexis,Victoria Sports Pro Cycling,2
2279,ALBANO Diego,,2
2280,CARTER John,,2
2281,JIANG Yipei,,2
2282,GUERINEL Manu,Guidon Chalettois,2
2283,BOUSSEMAERE Louic,Decathlon CMA CGM Development Team,2
2284,GUAY Mathis,,2
2285,GRIECO Lucas,,2
2286,LUO Pengpeng,,2
2287,GONZALEZ Anthuar Rachidd,,2
2288,MUSAMBA Elias,,2
2289,HOUETO Emile,,2
2290,ZAPATA Mauricio,Team Sistecredito,2
2291,RIAHI Anes,,2
2292,MUGALU Shafik,,2
2293,BITTMAN Adam,Kasper crypto4me,2
2294,GOSZCZURNY Patryk,Team Visma | Lease a Bike Development,2
2295,MARTINI Marco,Team Technipes #inEmiliaRomagna Caffè Borbone,2
2296,GLADEK Marcel,Factor Racing,2
2297,ZANUTTA David,XDS Astana Development Team,2
2298,BRITO Maicol,,2
2299,FERRARO Santiago,Bardiani CSF 7 Saber,2
2300,BERDEMPES Konstantinos,,2
2301,ASIF Asif,,2
2302,LEBO Joshua,Meridian Racing p/b de la Uz,2
2303,AFLAH Muhammad,ASC Monsters Indonesia,2
2304,SKRAPCIS Olivers Jēkabs,Energus Cycling Team,2
2305,TEPPO Petja,UN Cycling Team x Pyörävarikko,2
2306,FERNANDEZ Kendall,,2
2307,MACEDO Paulo Raphael Cliver,,2
2308,PITA Alejandro Bladimir,,2
2309,PIEDRA CUELLAR Joselin,,2
2310,MASEMOLA Rodney,Tshenolo Pro Cycling Team,2
2311,MAKRAI Bálint,MBH Bank CSB Telecom Fort,2
2312,KING Jason,,2
2313,HADŽIABLAHOVIĆ Hasan,,2
2314,VAREA José Daniel,,2
2315,DORCU Ovidiu-Gabriel,,2
2316,MENVILAY Sonsoulisack,,2
2317,TEIXEIRA Cristian,,2
2318,MOVLONBERDIYEV Mustafo,,2
2319,MONTEIRO DIAS Gilberto,,2
2320,NIYONSABA David,,2
2321,DÍAZ Miguel Angel,Canel's - Java,2
2322,MED YASSINE Chehaibi,,2
2323,VANDEKERCKHOVE Jules,,2
2324,DESAI Sachin,,2
2325,TLOUOE Thato,,2
2326,TYAPA Ongeziwe,Tshenolo Pro Cycling Team,2
2327,GUMEDE Siyanda Mthobeleni,Tshenolo Pro Cycling Team,2
2328,LEPKA Filip,Schwingshandl Intralogistics,2
2329,MOTSA Thabiso,,2
2330,VÁZQUEZ Óscar A.,,2
2331,KASULE Fred,,2
2332,AL REJJAL Mohammad,,2
2333,NORVIN Andrey,,2
2334,MORGAN Carl,,2
2335,FRASER Caelan,,2
2336,SAVIĆ Živko,,2
2337,ĆELIĆ Stanko,,2
2338,ZALTSMAN Tomer,,2
2339,VO Minh Gia Bao,,2
2340,HO Kai Fong,,1
2341,BAZZI Facundo Lionel,,1
2342,DANIEL Eliad,,1
2343,OWSIAN Łukasz,,1
2344,HUNG Kun Hung,,1
2345,SUMIYOSHI Kota,,1
2346,CASTILLO Ulises Alfredo,,1
2347,CARESMEL Alexis,VC Amateur Saint-Quentin,1
2348,SILVA Bruno,Tavfer-Ovos Matinados-Mortágua,1
2349,VAN KESSEL Corné,,1
2350,RUBIANO Miguel Angel,,1
2351,TUREK Daniel,Fany Gastro_Integray_L27,1
2352,ORANZA Ronald,,1
2353,AVANCINI Henrique da Silva,,1
2354,DE JESÚS Juan Carlos,,1
2355,STEWART Robert Liam,,1
2356,TANFIELD Harry,,1
2357,TAGLIANI Filippo,China Chermin Cycling Team,1
2358,SILVA Igor,,1
2359,CARMAN Ben,St George Continental Cycling Team,1
2360,DE VYLDER Lindsay,Alpecin-Premier Tech,1
2361,MARTÍNEZ Salvador,,1
2362,MORALES Esdras,,1
2363,KRISHNA Naykodi,,1
2364,LOMBARD Peter,EuroCyclingTrips - CCN,1
2365,PASQUIER Jean,,1
2366,KUSABA Keigo,Kinan Racing Team,1
2367,MAGOSAKI Daiki,Victoire Hiroshima,1
2368,BICKMORE Cade,,1
2369,NAVARRETE Maximiliano Ezequiel,,1
2370,HABERT Axel,,1
2371,ČERNE Gregor Matija,,1
2372,OKAMOTO Hayato,Aisan Racing Team,1
2373,STRAH Alex Antonio,,1
2374,COSTA Guy,,1
2375,ACOSTA Ruben Dario,,1
2376,CHRISTIE-JOHNSTON Alastair,CCACHE x BODYWRAP,1
2377,HOPPEZAK Vincent,Parkhotel Valkenburg,1
2378,ARNOPOL Richard,Project Echelon Racing,1
2379,TAKEYAMA Kosuke,Astemo Utsunomiya Blitzen,1
2380,JANUŠKEVIČIUS Mantas,,1
2381,KIRIAKIDIS Ioannis,,1
2382,YAOWARAT Ratchanon,Thailand Continental Cycling Team,1
2383,LUCCA Simone,Gragnano Sporting Club,1
2384,CLAVIER Kendric,,1
2385,GUÐGEIRSSON Eyjólfur,,1
2386,RICHARDS Kane,Roojai Insurance Winspace,1
2387,ZWANE Mduduzi,,1
2388,TRUEBA Sergio,Illes Balears Arabay,1
2389,GATHEMANN Albert,Benotti Berthold,1
2390,HAYTER Leo,Modern Adventure Pro Cycling,1
2391,REXHA Betim,,1
2392,FIGUEIREDO LEME Pedro,,1
2393,ROVDER Pavol,,1
2394,SSEMPIJJA Aziz,,1
2395,VILLASMIL Alexander,,1
2396,ŞAMPIYONBISIKLET Mehmet,Universe Cycling Team,1
2397,DE GRAEF Noah,,1
2398,SCHANDORFF IWERSEN Emil,BHS - PL Beton Bornholm,1
2399,NOOR ROSEIDI Ariff Danial,Malaysia Pro Cycling,1
2400,MAJEWSKI Kacper,Wibatech Lubelskie Perła Polski,1
2401,DECAR Jacob Thomas,,1
2402,NGUYỄN Văn Bình,,1
2403,BLUM Elia,Elite Fondations Cycling Team,1
2404,DISSEL Bram,BEAT Cycling Club,1
2405,NG Wing Chung,,1
2406,MIYAZAKI Taishi,Astemo Utsunomiya Blitzen,1
2407,ROSERO Nixon Efrain,,1
2408,DYANKOV Nikolay,,1
2409,BAK Simon,Team Give Steel,1
2410,DEN BRABER Simon,Volharding Cycling Team,1
2411,WOOD George,Mg.K Vis Costruzioni e Ambiente,1
2412,AKPINAR Ahmet,Konya Büyükşehir Belediye Spor,1
2413,BEAUNE Mavric,Veloce Club Rouen 76,1
2414,THÉOT Hugo,Guidon Chalettois,1
2415,FITZSIMONS Mitchel,St George Continental Cycling Team,1
2416,ESKEDAL Vetle Torin,Grupo Eulen-NUUK,1
2417,OIOLI Manuel,Swatt Club,1
2418,STIEGER Adrian,Schwingshandl Intralogistics,1
2419,VINDECS Agris,,1
2420,LANGE Wessel,Universe Cycling Team,1
2421,HASHIKAWA Jo,Kinan Racing Team,1
2422,PALMISTE Philgy Marc,,1
2423,TEESE Ronan,Giant Cycling Team,1
2424,PANSAARD Arttasorn,Roojai Insurance Winspace,1
2425,KNUDSEN Oliver,Swatt Club,1
2426,RAGILO Frank Aron,Lucky Sport Cycling Team,1
2427,ABT Cedric,,1
2428,NAKKEN Tobias Risan,Team Drali - Repsol,1
2429,MARTINSEN Toralf Rydningen,Team Drali - Repsol,1
2430,STORM Theodor,INEOS Grenadiers Racing Academy,1
2431,TROELSEN Tore,Team ColoQuick,1
2432,ALARCÓN Julian David,,1
2433,LEGOVIĆ Martin,,1
2434,MENDOZA David,,1
2435,KESSLER Cole,Modern Adventure Pro Cycling,1
2436,PODŽIĆ Mujo,,1
2437,BOZZOLA Mirko,S.C. Padovani Polo Cherry Bank,1
2438,BESSEGA Gabriele,Team Polti VisitMalta,1
2439,CADET Sonny,,1
2440,LAGRAVE Dorian,Vendée U Primeo Energie,1
2441,HUE Antoine,Veloce Club Rouen 76,1
2442,MÄRKL Max,,1
2443,KASAPIS Andreas,,1
2444,OBHOLZER Theodor,Anicolor / Campicarn,1
2445,MAULANA Astnan,Nusantara Cycling Team,1
2446,WARD Jack,Lidl - Trek Future Racing,1
2447,NIU Gaoshang,Bodywrap LTwoo Cycling Team,1
2448,KAITA Simon,,1
2449,WIGGINS Ben,Hagens Berman Jayco,1
2450,CHANDI Edwin,,1
2451,TARAKCI Mustafa,Konya Büyükşehir Belediye Spor,1
2452,DOCKX Gilles,,1
2453,SANCHEZ Clément,Vendée U Primeo Energie,1
2454,DIAMOUTENE Tiemoko,,1
2455,BONALDO Antonio,S.C. Padovani Polo Cherry Bank,1
2456,LEALI Stefano,Biesse - Carrera - Premac,1
2457,DREWES Albrecht,,1
2458,LENZIUS Martti,Quick Pro Team,1
2459,VIARDOT Matteo,Team Bricquebec Cotentin,1
2460,BENAREAU Victor,High Level-Gsport-Grupo Tormo,1
2461,SEKSE Jørgen,Team Drali - Repsol,1
2462,KJELDSAND Karl Emil,Team Drali - Repsol,1
2463,MALDONADO Carlos Mauri,,1
2464,VAN WEELE Jannes,Universe Cycling Team,1
2465,SCHWITZGEBEL Lauric Immanuel,Embrace The World,1
2466,CARSTENSEN Magnus,EF Education - Aevolo,1
2467,KUBROM Awet,,1
2468,TRAJKOSKI Petar,,1
2469,ARON Victor-Alexandru,,1
2470,STERNSDORFF Lennard,BIKE AID,1
2471,ROJAS Delton,,1
2472,SAHIRI Ali Zakaria,,1
2473,BIN MOHD AIRUDIN Muhammad Raihan,,1
2474,KIM Sunjae,,1
2475,REX Tim,Team Visma | Lease a Bike,1
2476,ACHIETKUEYINYI Aurélien,,1
2477,ANDE Kouadio Emmanuel Adebayor,,1
2478,CONNOLLY Kevin,,1
2479,LÓPEZ Ian,Modern Adventure Pro Cycling,1
2480,ALZAABI Ismael Humaid,,1
2481,CORREA Pablo Emanuel,,1
2482,CÁRDENAS Vicente,,1
2483,PERSSON Hugo,UN Cycling Team x Pyörävarikko,1
2484,BIONDANI Riccardo,Gragnano Sporting Club,1
2485,RAJOVIC Pavle,,1
2486,GABELLONI Matteo,Overall Cycling Team,1
2487,ULLAH Sadiq,,1
2488,BRINKMAN David,,1
2489,ADASZAK Ksawery,Mazowsze Serce Polski,1
2490,BICELLI Michele,Biesse - Carrera - Premac,1
2491,MOHAMMED Abdulwahhab,,1
2492,NEMATOV Abdurahmon,,1
2493,MAROT Jérémy,,1
2494,LOPEZ Bryant Rafael,,1
2495,PIDHAINYI Andrii,,1
2496,MELLBY Joel,Lucky Sport Cycling Team,1
2497,HIBBERT Issa,,1
2498,FOTSING Claude Harold,,1
2499,MORRIS Richard,,1
2500,CHARROIS Leo,Embrace The World,1
2501,PONTES Bairon,,1
2502,ZENG Yi Wei,,1
2503,VANGSØ NIELSEN Thor,AIRTOX - Carl Ras,1
2504,HANGA Petrus,,1
2505,GORDGE Kieran,Hagens Berman Jayco,1
2506,PORTELLI Matthew,,1
2507,JACOBS Mees,Wielerploeg Groot Amsterdam,1
2508,PUHAKKA Juuso,,1
2509,RINGER Daniel,,1
2510,PEREIRA Adérito,,1
2511,GIDEY Hailemichael Amanuel,,1
2512,URBINA Alexander,,1
2513,OZUNA Marcos,,1
2514,OSIPOV Daniil,,1
2515,MALTSEV Daniil,,1
2516,FAQEER Bilal,,1
2517,OMRAN Abdelrahman,,1
2518,BAEZA Cristobal,,1
2519,ORTIZ Orlando,,1
2520,LUKOVIĆ Danilo,,1
2521,LESWI Mohammad,,1
2522,DONOVAN Shane,,1
2523,ZHANG Zhengwang,,1
